Entity,Code,Year,Cantril ladder score
Afghanistan,AFG,2006,3.72359
Afghanistan,AFG,2007,4.401778
Afghanistan,AFG,2008,4.758381
Afghanistan,AFG,2009,3.8317192
Afghanistan,AFG,2010,3.7829375
Afghanistan,AFG,2011,3.5721004
Afghanistan,AFG,2012,3.1308956
Afghanistan,AFG,2013,3.9828546
Afghanistan,AFG,2014,4.2201686
Afghanistan,AFG,2015,2.6617181
Afghanistan,AFG,2016,2.6943033
Afghanistan,AFG,2017,2.3750918
Afghanistan,AFG,2019,2.5229
Afghanistan,AFG,2020,2.4038
Afghanistan,AFG,2021,1.859
Albania,ALB,2005,4.6342516
Albania,ALB,2007,5.48547
Albania,ALB,2008,5.2689366
Albania,ALB,2009,5.8674216
Albania,ALB,2010,5.510124
Albania,ALB,2011,4.5506477
Albania,ALB,2012,4.813763
Albania,ALB,2013,4.606651
Albania,ALB,2014,4.511101
Albania,ALB,2015,4.6395483
Albania,ALB,2016,5.0044026
Albania,ALB,2017,4.995318
Albania,ALB,2018,5.3649096
Albania,ALB,2019,5.1174
Albania,ALB,2020,5.1988
Albania,ALB,2021,5.2773
Algeria,DZA,2008,5.463567
Algeria,DZA,2009,5.3171945
Algeria,DZA,2010,5.6045957
Algeria,DZA,2012,6.3548985
Algeria,DZA,2014,5.3408537
Algeria,DZA,2015,5.2489123
Algeria,DZA,2016,5.043086
Algeria,DZA,2017,4.7446275
Algeria,DZA,2019,4.8871
Algeria,DZA,2020,5.1223
Algeria,DZA,2021,5.3291
Angola,AGO,2009,5.5890007
Angola,AGO,2010,4.36025
Angola,AGO,2011,3.9371068
Angola,AGO,2012,3.794838
Argentina,ARG,2004,6.3129253
Argentina,ARG,2005,6.0731583
Argentina,ARG,2006,5.9610343
Argentina,ARG,2007,6.4241333
Argentina,ARG,2008,6.441067
Argentina,ARG,2009,6.7758055
Argentina,ARG,2010,6.468387
Argentina,ARG,2011,6.58226
Argentina,ARG,2012,6.6711144
Argentina,ARG,2013,6.6971307
Argentina,ARG,2014,6.4272213
Argentina,ARG,2015,6.03933
Argentina,ARG,2016,5.7927966
Argentina,ARG,2017,6.085561
Argentina,ARG,2018,5.900567
Argentina,ARG,2019,5.9293
Argentina,ARG,2020,5.967
Argentina,ARG,2021,6.0237
Armenia,ARM,2004,4.289311
Armenia,ARM,2005,4.8815155
Armenia,ARM,2006,4.6519723
Armenia,ARM,2007,4.177582
Armenia,ARM,2008,4.367811
Armenia,ARM,2009,4.2604914
Armenia,ARM,2010,4.3197117
Armenia,ARM,2011,4.277191
Armenia,ARM,2012,4.453083
Armenia,ARM,2013,4.3483195
Armenia,ARM,2014,4.325472
Armenia,ARM,2015,4.2877364
Armenia,ARM,2016,5.0624485
Armenia,ARM,2017,5.4880867
Armenia,ARM,2019,5.2826
Armenia,ARM,2020,5.3986
Armenia,ARM,2021,5.3417
Australia,AUS,2003,7.340688
Australia,AUS,2005,7.285391
Australia,AUS,2006,7.2537575
Australia,AUS,2008,7.450047
Australia,AUS,2009,7.4056163
Australia,AUS,2010,7.1955857
Australia,AUS,2011,7.364169
Australia,AUS,2012,7.2885504
Australia,AUS,2013,7.3090606
Australia,AUS,2014,7.25008
Australia,AUS,2015,7.2570376
Australia,AUS,2016,7.1769934
Australia,AUS,2017,7.233995
Australia,AUS,2018,7.1373677
Australia,AUS,2019,7.1835
Australia,AUS,2020,7.1621
Australia,AUS,2021,7.0946
Austria,AUT,2004,7.1222115
Austria,AUT,2006,7.180954
Austria,AUT,2008,7.3026786
Austria,AUT,2009,7.470513
Austria,AUT,2010,7.4006886
Austria,AUT,2011,7.4988027
Austria,AUT,2012,6.95
Austria,AUT,2013,7.076447
Austria,AUT,2014,7.048072
Austria,AUT,2015,7.293728
Austria,AUT,2016,7.396002
Austria,AUT,2017,7.195361
Austria,AUT,2018,7.213489
Austria,AUT,2019,7.2678
Austria,AUT,2020,7.163
Austria,AUT,2021,7.0973
Azerbaijan,AZE,2004,4.727871
Azerbaijan,AZE,2005,4.5681596
Azerbaijan,AZE,2006,4.817189
Azerbaijan,AZE,2007,4.573725
Azerbaijan,AZE,2008,4.218611
Azerbaijan,AZE,2009,4.6804695
Azerbaijan,AZE,2010,4.910772
Azerbaijan,AZE,2011,5.4811783
Azerbaijan,AZE,2012,5.25153
Azerbaijan,AZE,2013,5.146775
Azerbaijan,AZE,2014,5.303895
Azerbaijan,AZE,2015,5.1522794
Azerbaijan,AZE,2016,5.1679955
Azerbaijan,AZE,2017,5.1733894
Azerbaijan,AZE,2019,5.1708
Azerbaijan,AZE,2020,5.1734
Bahrain,BHR,2007,5.7005234
Bahrain,BHR,2008,5.936869
Bahrain,BHR,2009,4.823976
Bahrain,BHR,2010,5.027187
Bahrain,BHR,2011,6.689711
Bahrain,BHR,2012,6.165134
Bahrain,BHR,2013,6.0073752
Bahrain,BHR,2014,6.1696734
Bahrain,BHR,2015,6.2273207
Bahrain,BHR,2017,7.0980124
Bahrain,BHR,2018,6.173176
Bahrain,BHR,2019,6.6469
Bahrain,BHR,2020,6.6469
Bahrain,BHR,2021,6.1732
Bangladesh,BGD,2004,4.318909
Bangladesh,BGD,2005,4.607322
Bangladesh,BGD,2006,5.0522785
Bangladesh,BGD,2007,5.0828514
Bangladesh,BGD,2008,4.8584814
Bangladesh,BGD,2009,4.985649
Bangladesh,BGD,2010,4.724444
Bangladesh,BGD,2011,4.660161
Bangladesh,BGD,2012,4.635565
Bangladesh,BGD,2013,4.633474
Bangladesh,BGD,2014,4.556141
Bangladesh,BGD,2015,4.309771
Bangladesh,BGD,2016,4.499217
Bangladesh,BGD,2017,5.114217
Bangladesh,BGD,2018,5.279987
Bangladesh,BGD,2019,5.0246
Bangladesh,BGD,2020,5.1555
Bangladesh,BGD,2021,4.2821
Belarus,BLR,2004,5.65765
Belarus,BLR,2005,5.6169763
Belarus,BLR,2006,5.463332
Belarus,BLR,2007,5.5641313
Belarus,BLR,2008,5.5259233
Belarus,BLR,2009,5.225308
Belarus,BLR,2010,5.7490435
Belarus,BLR,2011,5.8764663
Belarus,BLR,2012,5.812401
Belarus,BLR,2013,5.718908
Belarus,BLR,2014,5.1778994
Belarus,BLR,2015,5.552915
Belarus,BLR,2016,5.23377
Belarus,BLR,2017,5.821453
Belarus,BLR,2019,5.5335
Belarus,BLR,2020,5.8215
Belgium,BEL,2003,7.2622905
Belgium,BEL,2005,7.2188396
Belgium,BEL,2006,7.116591
Belgium,BEL,2008,6.853514
Belgium,BEL,2009,7.111364
Belgium,BEL,2010,6.935122
Belgium,BEL,2011,7.103661
Belgium,BEL,2012,6.855329
Belgium,BEL,2013,6.904219
Belgium,BEL,2014,6.9489365
Belgium,BEL,2015,6.9283476
Belgium,BEL,2016,6.892172
Belgium,BEL,2017,6.772138
Belgium,BEL,2018,6.838761
Belgium,BEL,2019,6.834
Belgium,BEL,2020,6.805
Belgium,BEL,2021,6.8591
Belize,BLZ,2005,6.4506445
Belize,BLZ,2012,5.9556465
Benin,BEN,2004,3.3298016
Benin,BEN,2006,3.6671395
Benin,BEN,2009,3.8702796
Benin,BEN,2010,3.1934688
Benin,BEN,2011,3.4794128
Benin,BEN,2012,3.3474193
Benin,BEN,2013,3.6246643
Benin,BEN,2014,4.0073576
Benin,BEN,2015,4.853181
Benin,BEN,2016,5.819827
Benin,BEN,2017,4.976361
Benin,BEN,2018,4.407746
Benin,BEN,2019,5.0452
Benin,BEN,2020,4.6232
Benin,BEN,2021,4.3737
Bhutan,BTN,2011,5.569092
Bhutan,BTN,2012,4.938578
Bhutan,BTN,2013,5.0821285
Bolivia,BOL,2004,5.3739862
Bolivia,BOL,2005,5.6284194
Bolivia,BOL,2006,5.2978725
Bolivia,BOL,2007,6.0855794
Bolivia,BOL,2008,5.78062
Bolivia,BOL,2009,5.7788744
Bolivia,BOL,2010,6.0188947
Bolivia,BOL,2011,5.767429
Bolivia,BOL,2012,5.8647985
Bolivia,BOL,2013,5.834329
Bolivia,BOL,2014,5.7697234
Bolivia,BOL,2015,5.6505527
Bolivia,BOL,2016,5.9157343
Bolivia,BOL,2017,5.6742706
Bolivia,BOL,2018,5.559259
Bolivia,BOL,2019,5.7159
Bolivia,BOL,2020,5.6003
Bolivia,BOL,2021,5.6843
Bosnia and Herzegovina,BIH,2005,4.899807
Bosnia and Herzegovina,BIH,2007,4.963477
Bosnia and Herzegovina,BIH,2008,4.6685176
Bosnia and Herzegovina,BIH,2009,4.994671
Bosnia and Herzegovina,BIH,2010,4.7731447
Bosnia and Herzegovina,BIH,2011,5.1236644
Bosnia and Herzegovina,BIH,2012,5.2489543
Bosnia and Herzegovina,BIH,2013,5.117178
Bosnia and Herzegovina,BIH,2014,5.1808653
Bosnia and Herzegovina,BIH,2015,5.0899024
Bosnia and Herzegovina,BIH,2016,5.887401
Bosnia and Herzegovina,BIH,2017,6.0155225
Bosnia and Herzegovina,BIH,2018,5.515816
Bosnia and Herzegovina,BIH,2019,5.8131
Bosnia and Herzegovina,BIH,2020,5.768
Bosnia and Herzegovina,BIH,2021,5.6325
Botswana,BWA,2004,4.739367
Botswana,BWA,2006,5.451147
Botswana,BWA,2008,3.5530202
Botswana,BWA,2009,3.519921
Botswana,BWA,2010,4.835939
Botswana,BWA,2011,4.1282988
Botswana,BWA,2012,4.031197
Botswana,BWA,2013,3.7619648
Botswana,BWA,2014,3.4989367
Botswana,BWA,2015,3.5048811
Botswana,BWA,2016,3.4613657
Botswana,BWA,2017,3.4710848
Botswana,BWA,2019,3.4665
Botswana,BWA,2020,3.4711
Botswana,BWA,2021,3.4353
Brazil,BRA,2003,6.636771
Brazil,BRA,2005,6.320673
Brazil,BRA,2006,6.691425
Brazil,BRA,2007,7.0008316
Brazil,BRA,2008,6.8373313
Brazil,BRA,2009,7.0378165
Brazil,BRA,2010,6.6600037
Brazil,BRA,2011,7.1402826
Brazil,BRA,2012,6.980999
Brazil,BRA,2013,6.546897
Brazil,BRA,2014,6.3748174
Brazil,BRA,2015,6.332929
Brazil,BRA,2016,6.190922
Brazil,BRA,2017,6.451149
Brazil,BRA,2018,6.109718
Brazil,BRA,2019,6.3301
Brazil,BRA,2020,6.2928
Brazil,BRA,2021,6.1246
Bulgaria,BGR,2005,3.843798
Bulgaria,BGR,2008,3.9122763
Bulgaria,BGR,2009,3.8753824
Bulgaria,BGR,2010,4.222297
Bulgaria,BGR,2011,3.9930205
Bulgaria,BGR,2012,4.43844
Bulgaria,BGR,2013,4.8654013
Bulgaria,BGR,2014,4.8375607
Bulgaria,BGR,2015,5.096902
Bulgaria,BGR,2016,5.0988135
Bulgaria,BGR,2017,5.108438
Bulgaria,BGR,2018,5.597723
Bulgaria,BGR,2019,5.2655
Bulgaria,BGR,2020,5.3709
Bulgaria,BGR,2021,5.4661
Burkina Faso,BFA,2004,3.8014908
Burkina Faso,BFA,2005,4.0171304
Burkina Faso,BFA,2006,3.846439
Burkina Faso,BFA,2008,4.0355606
Burkina Faso,BFA,2009,4.7853675
Burkina Faso,BFA,2010,3.955008
Burkina Faso,BFA,2011,3.3259497
Burkina Faso,BFA,2012,3.4813478
Burkina Faso,BFA,2013,4.41893
Burkina Faso,BFA,2014,4.2056346
Burkina Faso,BFA,2015,4.646891
Burkina Faso,BFA,2016,4.927236
Burkina Faso,BFA,2017,4.740893
Burkina Faso,BFA,2019,4.8338
Burkina Faso,BFA,2020,4.6705
Burkina Faso,BFA,2021,4.6376
Burundi,BDI,2006,3.5632277
Burundi,BDI,2007,3.7916808
Burundi,BDI,2009,3.7058942
Burundi,BDI,2012,2.904535
Burundi,BDI,2016,3.775283
Burundi,BDI,2019,3.7753
Cambodia,KHM,2004,3.5687447
Cambodia,KHM,2005,4.155971
Cambodia,KHM,2006,4.462164
Cambodia,KHM,2007,4.1106257
Cambodia,KHM,2008,4.1410723
Cambodia,KHM,2009,4.1612253
Cambodia,KHM,2010,3.898707
Cambodia,KHM,2011,3.6744668
Cambodia,KHM,2012,3.8833055
Cambodia,KHM,2013,4.1621647
Cambodia,KHM,2014,4.4612594
Cambodia,KHM,2015,4.585842
Cambodia,KHM,2016,5.1218376
Cambodia,KHM,2017,4.998285
Cambodia,KHM,2018,4.376985
Cambodia,KHM,2019,4.8304
Cambodia,KHM,2020,4.6403
Cambodia,KHM,2021,4.3935
Cameroon,CMR,2004,3.851072
Cameroon,CMR,2005,4.3499393
Cameroon,CMR,2006,4.2918005
Cameroon,CMR,2007,4.7414083
Cameroon,CMR,2008,4.554257
Cameroon,CMR,2009,4.433885
Cameroon,CMR,2010,4.244634
Cameroon,CMR,2011,4.271038
Cameroon,CMR,2012,4.2404413
Cameroon,CMR,2013,5.037965
Cameroon,CMR,2014,4.816232
Cameroon,CMR,2015,5.0740514
Cameroon,CMR,2016,5.2507377
Cameroon,CMR,2017,4.9367375
Cameroon,CMR,2018,5.241078
Cameroon,CMR,2019,5.1418
Cameroon,CMR,2020,5.0476
Cameroon,CMR,2021,4.9732
Canada,CAN,2003,7.4180484
Canada,CAN,2005,7.481753
Canada,CAN,2006,7.485604
Canada,CAN,2007,7.4878244
Canada,CAN,2008,7.6503463
Canada,CAN,2009,7.4260535
Canada,CAN,2010,7.4151444
Canada,CAN,2011,7.593794
Canada,CAN,2012,7.304258
Canada,CAN,2013,7.4127727
Canada,CAN,2014,7.244846
Canada,CAN,2015,7.4148684
Canada,CAN,2016,7.1754966
Canada,CAN,2017,7.1090765
Canada,CAN,2018,7.0249047
Canada,CAN,2019,7.1033
Canada,CAN,2020,7.0251
Canada,CAN,2021,6.9607
Central African Republic,CAF,2005,4.1601295
Central African Republic,CAF,2008,3.5678926
Central African Republic,CAF,2009,3.6778264
Central African Republic,CAF,2014,2.693061
Central African Republic,CAF,2015,3.475862
Chad,TCD,2004,3.4348006
Chad,TCD,2005,4.141327
Chad,TCD,2006,4.632468
Chad,TCD,2007,3.639445
Chad,TCD,2008,3.742871
Chad,TCD,2009,4.393482
Chad,TCD,2010,4.0329747
Chad,TCD,2011,3.507663
Chad,TCD,2012,3.460183
Chad,TCD,2013,4.322675
Chad,TCD,2014,4.0293503
Chad,TCD,2015,4.558937
Chad,TCD,2016,4.4863253
Chad,TCD,2017,4.250799
Chad,TCD,2019,4.3554
Chad,TCD,2020,4.2508
Chad,TCD,2021,4.3966
Chile,CHL,2004,6.062852
Chile,CHL,2005,5.69793
Chile,CHL,2006,5.7894387
Chile,CHL,2007,6.493686
Chile,CHL,2008,6.635656
Chile,CHL,2009,6.526335
Chile,CHL,2010,6.5991287
Chile,CHL,2011,6.740154
Chile,CHL,2012,6.8442383
Chile,CHL,2013,6.5327497
Chile,CHL,2014,6.5790563
Chile,CHL,2015,6.3201194
Chile,CHL,2016,6.4362206
Chile,CHL,2017,5.9422503
Chile,CHL,2018,6.150643
Chile,CHL,2019,6.1719
Chile,CHL,2020,6.1718
Chile,CHL,2021,6.3338
China,CHN,2004,4.5604954
China,CHN,2005,4.862862
China,CHN,2006,4.846295
China,CHN,2007,4.454361
China,CHN,2008,4.6527367
China,CHN,2009,5.0372076
China,CHN,2010,5.0949173
China,CHN,2011,5.2410903
China,CHN,2012,5.195619
China,CHN,2013,5.303878
China,CHN,2014,5.324956
China,CHN,2015,5.0990615
China,CHN,2016,5.131434
China,CHN,2017,5.14412
China,CHN,2018,5.7710648
China,CHN,2019,5.3391
China,CHN,2020,5.5853
China,CHN,2021,5.8179
Colombia,COL,2004,6.024943
Colombia,COL,2005,6.1384115
Colombia,COL,2006,6.168395
Colombia,COL,2007,6.2716045
Colombia,COL,2008,6.4081135
Colombia,COL,2009,6.4639525
Colombia,COL,2010,6.37488
Colombia,COL,2011,6.6065507
Colombia,COL,2012,6.448789
Colombia,COL,2013,6.387572
Colombia,COL,2014,6.233715
Colombia,COL,2015,6.157342
Colombia,COL,2016,5.9835124
Colombia,COL,2017,6.350298
Colombia,COL,2018,5.709175
Colombia,COL,2019,6.0124
Colombia,COL,2020,5.7806
Colombia,COL,2021,5.6304
Comoros,COM,2007,3.4760273
Comoros,COM,2008,3.812191
Comoros,COM,2009,3.838486
Comoros,COM,2010,3.9556403
Comoros,COM,2016,3.9728196
Comoros,COM,2017,4.6086164
Comoros,COM,2019,4.2886
Comoros,COM,2020,4.6086
Comoros,COM,2021,3.5452
Congo,COG,2006,3.8197923
Congo,COG,2009,4.5098243
Congo,COG,2010,3.9193418
Congo,COG,2011,3.9549506
Congo,COG,2012,4.0560126
Congo,COG,2013,4.69083
Congo,COG,2014,4.1194935
Congo,COG,2015,4.8839912
Congo,COG,2016,5.4902143
Congo,COG,2017,5.2126226
Congo,COG,2019,5.3417
Congo,COG,2020,5.0752
Congo,COG,2021,5.2671
Costa Rica,CRI,2004,7.082465
Costa Rica,CRI,2005,7.4321322
Costa Rica,CRI,2006,6.85068
Costa Rica,CRI,2007,7.6149287
Costa Rica,CRI,2008,7.271054
Costa Rica,CRI,2009,7.2288885
Costa Rica,CRI,2010,7.27225
Costa Rica,CRI,2011,7.1580005
Costa Rica,CRI,2012,7.247086
Costa Rica,CRI,2013,6.8540044
Costa Rica,CRI,2014,7.1356177
Costa Rica,CRI,2015,7.2251816
Costa Rica,CRI,2016,7.1410747
Costa Rica,CRI,2017,6.9976187
Costa Rica,CRI,2019,7.0694
Costa Rica,CRI,2020,6.582
Costa Rica,CRI,2021,6.6085
Cote d'Ivoire,CIV,2007,4.1971817
Cote d'Ivoire,CIV,2011,3.7393656
Cote d'Ivoire,CIV,2012,3.5703685
Cote d'Ivoire,CIV,2013,4.445039
Cote d'Ivoire,CIV,2014,4.542546
Cote d'Ivoire,CIV,2015,5.037735
Cote d'Ivoire,CIV,2016,5.268375
Cote d'Ivoire,CIV,2017,5.392012
Cote d'Ivoire,CIV,2018,5.2565036
Cote d'Ivoire,CIV,2019,5.306
Cote d'Ivoire,CIV,2020,5.2346
Cote d'Ivoire,CIV,2021,5.0527
Croatia,HRV,2005,5.8209076
Croatia,HRV,2007,5.4333196
Croatia,HRV,2008,5.5955753
Croatia,HRV,2009,5.3853726
Croatia,HRV,2010,6.0276346
Croatia,HRV,2011,5.8854628
Croatia,HRV,2012,5.3806925
Croatia,HRV,2013,5.205438
Croatia,HRV,2014,5.4168754
Croatia,HRV,2015,5.343166
Croatia,HRV,2016,5.536271
Croatia,HRV,2017,5.625744
Croatia,HRV,2018,6.5079923
Croatia,HRV,2019,5.8817
Croatia,HRV,2020,6.1252
Croatia,HRV,2021,6.125
Cuba,CUB,2004,5.4178686
Cyprus,CYP,2004,6.2379584
Cyprus,CYP,2007,6.8334775
Cyprus,CYP,2008,6.386546
Cyprus,CYP,2009,6.6896086
Cyprus,CYP,2010,6.180507
Cyprus,CYP,2011,5.4389524
Cyprus,CYP,2012,5.627124
Cyprus,CYP,2013,5.4391613
Cyprus,CYP,2014,5.7946186
Cyprus,CYP,2015,6.0620513
Cyprus,CYP,2016,6.276443
Cyprus,CYP,2017,6.1368327
Cyprus,CYP,2018,6.2598104
Cyprus,CYP,2019,6.2235
Cyprus,CYP,2020,6.2209
Cyprus,CYP,2021,6.13
Czechia,CZE,2003,6.4392567
Czechia,CZE,2005,6.500194
Czechia,CZE,2008,6.2496176
Czechia,CZE,2009,6.331491
Czechia,CZE,2010,6.3341494
Czechia,CZE,2011,6.6976557
Czechia,CZE,2012,6.48373
Czechia,CZE,2013,6.6080174
Czechia,CZE,2014,6.735627
Czechia,CZE,2015,6.789568
Czechia,CZE,2016,7.0341654
Czechia,CZE,2018,6.8970914
Czechia,CZE,2019,6.9647
Czechia,CZE,2020,6.9198
Czechia,CZE,2021,6.8452
Democratic Republic of Congo,COD,2007,3.9838486
Democratic Republic of Congo,COD,2009,4.516964
Democratic Republic of Congo,COD,2010,4.6392274
Democratic Republic of Congo,COD,2011,4.497477
Democratic Republic of Congo,COD,2012,4.4143
Democratic Republic of Congo,COD,2013,3.9027417
Democratic Republic of Congo,COD,2014,4.5219355
Democratic Republic of Congo,COD,2015,4.3110332
Democratic Republic of Congo,COD,2021,3.2072
Denmark,DNK,2003,8.018934
Denmark,DNK,2005,7.8342333
Denmark,DNK,2006,7.970892
Denmark,DNK,2007,7.6833587
Denmark,DNK,2008,7.7705154
Denmark,DNK,2009,7.788232
Denmark,DNK,2010,7.5199094
Denmark,DNK,2011,7.588607
Denmark,DNK,2012,7.5075593
Denmark,DNK,2013,7.514425
Denmark,DNK,2014,7.5577826
Denmark,DNK,2015,7.5937023
Denmark,DNK,2016,7.6487856
Denmark,DNK,2017,7.693003
Denmark,DNK,2018,7.5146313
Denmark,DNK,2019,7.6195
Denmark,DNK,2020,7.6362
Denmark,DNK,2021,7.5864
Djibouti,DJI,2006,5.0093303
Djibouti,DJI,2007,4.9059253
Djibouti,DJI,2008,5.0058107
Djibouti,DJI,2009,4.3691936
Dominican Republic,DOM,2004,5.087968
Dominican Republic,DOM,2005,5.081306
Dominican Republic,DOM,2006,4.8423057
Dominican Republic,DOM,2007,5.431614
Dominican Republic,DOM,2008,4.735021
Dominican Republic,DOM,2009,5.3965354
Dominican Republic,DOM,2010,4.753311
Dominican Republic,DOM,2011,5.0155153
Dominican Republic,DOM,2012,5.387332
Dominican Republic,DOM,2013,5.0618625
Dominican Republic,DOM,2014,5.2386985
Dominican Republic,DOM,2015,5.6052027
Dominican Republic,DOM,2016,5.4332156
Dominican Republic,DOM,2017,6.004237
Dominican Republic,DOM,2018,5.16841
Dominican Republic,DOM,2019,5.5451
Dominican Republic,DOM,2020,5.7372
Dominican Republic,DOM,2021,5.5689
Ecuador,ECU,2004,5.0241914
Ecuador,ECU,2005,4.9958754
Ecuador,ECU,2006,5.296513
Ecuador,ECU,2007,6.0218034
Ecuador,ECU,2008,5.8380513
Ecuador,ECU,2009,5.7950883
Ecuador,ECU,2010,5.9607162
Ecuador,ECU,2011,6.019206
Ecuador,ECU,2012,5.945852
Ecuador,ECU,2013,5.964075
Ecuador,ECU,2014,6.1154375
Ecuador,ECU,2015,5.8395185
Ecuador,ECU,2016,6.1280103
Ecuador,ECU,2017,5.809131
Ecuador,ECU,2018,5.3544617
Ecuador,ECU,2019,5.764
Ecuador,ECU,2020,5.5333
Ecuador,ECU,2021,5.5589
Egypt,EGY,2003,5.167754
Egypt,EGY,2005,5.5405107
Egypt,EGY,2006,4.631741
Egypt,EGY,2007,5.0661645
Egypt,EGY,2008,4.668916
Egypt,EGY,2009,4.1741586
Egypt,EGY,2010,4.204157
Egypt,EGY,2011,3.5585203
Egypt,EGY,2012,4.8850727
Egypt,EGY,2013,4.7625384
Egypt,EGY,2014,4.5567408
Egypt,EGY,2015,3.9293442
Egypt,EGY,2016,4.0054507
Egypt,EGY,2017,4.3278317
Egypt,EGY,2018,4.472397
Egypt,EGY,2019,4.2827
Egypt,EGY,2020,4.2877
Egypt,EGY,2021,4.1705
El Salvador,SLV,2004,5.7009296
El Salvador,SLV,2005,5.295535
El Salvador,SLV,2006,5.191494
El Salvador,SLV,2007,6.839087
El Salvador,SLV,2008,6.739911
El Salvador,SLV,2009,4.741295
El Salvador,SLV,2010,5.9343715
El Salvador,SLV,2011,6.325063
El Salvador,SLV,2012,5.8565235
El Salvador,SLV,2013,6.018496
El Salvador,SLV,2014,6.139825
El Salvador,SLV,2015,6.3393183
El Salvador,SLV,2016,6.2411995
El Salvador,SLV,2017,6.4548206
El Salvador,SLV,2018,5.461927
El Salvador,SLV,2019,6.0605
El Salvador,SLV,2020,6.12
El Salvador,SLV,2021,6.1216
Estonia,EST,2004,5.3710546
Estonia,EST,2005,5.332044
Estonia,EST,2006,5.4519377
Estonia,EST,2007,5.1377387
Estonia,EST,2009,5.4868197
Estonia,EST,2010,5.363928
Estonia,EST,2011,5.367446
Estonia,EST,2012,5.5559826
Estonia,EST,2013,5.6289086
Estonia,EST,2014,5.6496754
Estonia,EST,2015,5.938396
Estonia,EST,2016,6.0913024
Estonia,EST,2017,6.0346413
Estonia,EST,2018,6.452564
Estonia,EST,2019,6.1888
Estonia,EST,2020,6.3408
Estonia,EST,2021,6.4552
Eswatini,SWZ,2009,4.867091
Eswatini,SWZ,2016,4.211565
Eswatini,SWZ,2017,4.396115
Eswatini,SWZ,2019,4.3081
Eswatini,SWZ,2020,4.3961
Ethiopia,ETH,2010,4.5611687
Ethiopia,ETH,2011,4.444827
Ethiopia,ETH,2012,4.5066466
Ethiopia,ETH,2013,4.573155
Ethiopia,ETH,2014,4.2978487
Ethiopia,ETH,2015,4.1803155
Ethiopia,ETH,2016,4.3792624
Ethiopia,ETH,2017,4.099555
Ethiopia,ETH,2018,4.5492196
Ethiopia,ETH,2019,4.2747
Ethiopia,ETH,2020,4.2415
Ethiopia,ETH,2021,4.0906
Finland,FIN,2004,7.672449
Finland,FIN,2006,7.6706266
Finland,FIN,2008,7.3932643
Finland,FIN,2009,7.354225
Finland,FIN,2010,7.4202094
Finland,FIN,2011,7.444636
Finland,FIN,2012,7.384571
Finland,FIN,2013,7.4479256
Finland,FIN,2014,7.6598434
Finland,FIN,2015,7.788252
Finland,FIN,2016,7.858107
Finland,FIN,2017,7.780348
Finland,FIN,2018,7.88935
Finland,FIN,2019,7.8421
Finland,FIN,2020,7.821
Finland,FIN,2021,7.8042
France,FRA,2003,7.093393
France,FRA,2004,6.5827003
France,FRA,2006,7.0080647
France,FRA,2007,6.2834983
France,FRA,2008,6.797901
France,FRA,2009,6.959185
France,FRA,2010,6.6493654
France,FRA,2011,6.6671214
France,FRA,2012,6.466868
France,FRA,2013,6.357625
France,FRA,2014,6.4752088
France,FRA,2015,6.6352224
France,FRA,2016,6.6659036
France,FRA,2017,6.6896443
France,FRA,2018,6.714112
France,FRA,2019,6.6899
France,FRA,2020,6.6867
France,FRA,2021,6.6613
Gabon,GAB,2009,4.2554007
Gabon,GAB,2010,3.9720592
Gabon,GAB,2011,3.800287
Gabon,GAB,2012,3.9180732
Gabon,GAB,2013,4.6610126
Gabon,GAB,2014,4.831764
Gabon,GAB,2015,4.782383
Gabon,GAB,2016,4.783009
Gabon,GAB,2017,4.9143934
Gabon,GAB,2019,4.8518
Gabon,GAB,2020,4.9583
Gabon,GAB,2021,5.0347
Gambia,GMB,2015,4.117939
Gambia,GMB,2016,4.922099
Gambia,GMB,2017,5.163627
Gambia,GMB,2019,5.051
Gambia,GMB,2020,5.1636
Gambia,GMB,2021,4.2794
Georgia,GEO,2004,3.6751084
Georgia,GEO,2005,3.7071946
Georgia,GEO,2006,4.1560903
Georgia,GEO,2007,3.8006392
Georgia,GEO,2008,4.101837
Georgia,GEO,2009,4.2030306
Georgia,GEO,2010,4.2544456
Georgia,GEO,2011,4.348921
Georgia,GEO,2012,4.287508
Georgia,GEO,2013,4.1219406
Georgia,GEO,2014,4.448386
Georgia,GEO,2015,4.4507747
Georgia,GEO,2016,4.659097
Georgia,GEO,2017,4.8918357
Georgia,GEO,2018,5.123143
Georgia,GEO,2019,4.8914
Georgia,GEO,2020,4.9732
Georgia,GEO,2021,5.1091
Germany,DEU,2003,6.6195498
Germany,DEU,2005,6.4168196
Germany,DEU,2006,6.52179
Germany,DEU,2007,6.6414933
Germany,DEU,2008,6.724531
Germany,DEU,2009,6.621312
Germany,DEU,2010,6.702362
Germany,DEU,2011,6.965125
Germany,DEU,2012,6.9842143
Germany,DEU,2013,7.0371375
Germany,DEU,2014,6.873763
Germany,DEU,2015,7.0743246
Germany,DEU,2016,7.1183643
Germany,DEU,2017,7.0354724
Germany,DEU,2018,7.3118978
Germany,DEU,2019,7.1545
Germany,DEU,2020,7.0341
Germany,DEU,2021,6.8918
Ghana,GHA,2004,4.53502
Ghana,GHA,2005,5.220148
Ghana,GHA,2006,4.9651346
Ghana,GHA,2007,4.1976957
Ghana,GHA,2008,4.6062517
Ghana,GHA,2009,5.6081996
Ghana,GHA,2010,5.057262
Ghana,GHA,2011,4.965053
Ghana,GHA,2012,3.860351
Ghana,GHA,2013,3.9859161
Ghana,GHA,2014,4.5144114
Ghana,GHA,2015,5.481311
Ghana,GHA,2016,5.003693
Ghana,GHA,2017,4.9668097
Ghana,GHA,2018,5.3194833
Ghana,GHA,2019,5.0884
Ghana,GHA,2020,4.872
Ghana,GHA,2021,4.605
Greece,GRC,2003,6.00631
Greece,GRC,2005,6.646961
Greece,GRC,2007,6.0385747
Greece,GRC,2008,5.8395586
Greece,GRC,2009,5.37204
Greece,GRC,2010,5.096354
Greece,GRC,2011,4.720251
Greece,GRC,2012,4.756237
Greece,GRC,2013,5.622519
Greece,GRC,2014,5.3026195
Greece,GRC,2015,5.1482415
Greece,GRC,2016,5.4092894
Greece,GRC,2017,5.9521575
Greece,GRC,2018,5.787616
Greece,GRC,2019,5.7226
Greece,GRC,2020,5.9482
Greece,GRC,2021,5.9309
Guatemala,GTM,2004,5.901429
Guatemala,GTM,2005,6.3295813
Guatemala,GTM,2006,6.4144945
Guatemala,GTM,2007,6.451916
Guatemala,GTM,2008,6.2897487
Guatemala,GTM,2009,5.743354
Guatemala,GTM,2010,5.855717
Guatemala,GTM,2011,5.9846015
Guatemala,GTM,2012,6.536031
Guatemala,GTM,2013,6.464987
Guatemala,GTM,2014,6.3589163
Guatemala,GTM,2015,6.3251185
Guatemala,GTM,2016,6.6265917
Guatemala,GTM,2017,6.262175
Guatemala,GTM,2019,6.4345
Guatemala,GTM,2020,6.2622
Guatemala,GTM,2021,6.1503
Guinea,GIN,2009,4.0445695
Guinea,GIN,2010,3.6515548
Guinea,GIN,2011,3.901793
Guinea,GIN,2012,3.4124825
Guinea,GIN,2013,3.5046935
Guinea,GIN,2014,3.6028547
Guinea,GIN,2015,4.8737226
Guinea,GIN,2016,5.252227
Guinea,GIN,2017,4.7676845
Guinea,GIN,2019,4.9843
Guinea,GIN,2020,4.8905
Guinea,GIN,2021,5.0717
Guyana,GUY,2005,5.9928265
Haiti,HTI,2004,3.754156
Haiti,HTI,2006,3.8463292
Haiti,HTI,2008,3.7659988
Haiti,HTI,2009,4.844574
Haiti,HTI,2010,4.413475
Haiti,HTI,2011,4.621962
Haiti,HTI,2012,3.8887784
Haiti,HTI,2013,3.5697625
Haiti,HTI,2014,3.3523002
Haiti,HTI,2015,3.8238657
Haiti,HTI,2016,3.614928
Haiti,HTI,2019,3.6149
Honduras,HND,2004,5.3965197
Honduras,HND,2005,5.097154
Honduras,HND,2006,5.420331
Honduras,HND,2007,6.0331893
Honduras,HND,2008,5.8661313
Honduras,HND,2009,4.9610314
Honduras,HND,2010,4.602218
Honduras,HND,2011,4.7133584
Honduras,HND,2012,5.055726
Honduras,HND,2013,4.8454366
Honduras,HND,2014,5.6481547
Honduras,HND,2015,6.0199857
Honduras,HND,2016,5.908424
Honduras,HND,2017,5.9300513
Honduras,HND,2019,5.9192
Honduras,HND,2020,6.0221
Honduras,HND,2021,6.0225
Hong Kong,HKG,2004,5.511187
Hong Kong,HKG,2006,5.137262
Hong Kong,HKG,2007,5.3970556
Hong Kong,HKG,2008,5.6428347
Hong Kong,HKG,2009,5.474011
Hong Kong,HKG,2010,5.4837646
Hong Kong,HKG,2012,5.4580507
Hong Kong,HKG,2014,5.4984207
Hong Kong,HKG,2015,5.362475
Hong Kong,HKG,2017,5.659317
Hong Kong,HKG,2018,5.2953415
Hong Kong,HKG,2019,5.4767
Hong Kong,HKG,2020,5.4248
Hong Kong,HKG,2021,5.3085
Hungary,HUN,2003,5.1939335
Hungary,HUN,2005,4.953917
Hungary,HUN,2007,4.8946004
Hungary,HUN,2008,4.7251325
Hungary,HUN,2009,4.9176025
Hungary,HUN,2010,4.683358
Hungary,HUN,2011,4.914467
Hungary,HUN,2012,5.1805634
Hungary,HUN,2013,5.3443832
Hungary,HUN,2014,5.4489017
Hungary,HUN,2015,6.0650387
Hungary,HUN,2016,5.935771
Hungary,HUN,2017,6.00026
Hungary,HUN,2018,6.0380497
Hungary,HUN,2019,5.9916
Hungary,HUN,2020,6.0859
Hungary,HUN,2021,6.0412
Iceland,ISL,2006,6.888284
Iceland,ISL,2010,7.59066
Iceland,ISL,2011,7.5013943
Iceland,ISL,2013,7.4980707
Iceland,ISL,2014,7.5100346
Iceland,ISL,2015,7.476214
Iceland,ISL,2017,7.5325046
Iceland,ISL,2018,7.5754895
Iceland,ISL,2019,7.5539
Iceland,ISL,2020,7.5575
Iceland,ISL,2021,7.5296
India,IND,2004,5.348259
India,IND,2005,5.0267935
India,IND,2006,5.145833
India,IND,2007,4.5215178
India,IND,2008,4.9892774
India,IND,2009,4.6348715
India,IND,2010,4.7201467
India,IND,2011,4.4277887
India,IND,2012,4.4243793
India,IND,2013,4.342079
India,IND,2014,4.1791773
India,IND,2015,4.046111
India,IND,2016,3.8180687
India,IND,2017,3.2487698
India,IND,2018,4.2252812
India,IND,2019,3.8189
India,IND,2020,3.7771
India,IND,2021,4.0358
Indonesia,IDN,2004,4.946978
Indonesia,IDN,2005,5.101214
Indonesia,IDN,2006,4.8153095
Indonesia,IDN,2007,5.472361
Indonesia,IDN,2008,5.457299
Indonesia,IDN,2009,5.1726084
Indonesia,IDN,2010,5.367774
Indonesia,IDN,2011,5.2922378
Indonesia,IDN,2012,5.5973754
Indonesia,IDN,2013,5.0428
Indonesia,IDN,2014,5.1363254
Indonesia,IDN,2015,5.0984015
Indonesia,IDN,2016,5.340296
Indonesia,IDN,2017,5.346513
Indonesia,IDN,2019,5.3445
Indonesia,IDN,2020,5.2396
Indonesia,IDN,2021,5.2769
Iran,IRN,2003,5.3081903
Iran,IRN,2005,5.3363714
Iran,IRN,2006,5.1289883
Iran,IRN,2009,4.767507
Iran,IRN,2010,4.6089277
Iran,IRN,2011,5.1395793
Iran,IRN,2012,4.6822243
Iran,IRN,2013,4.7499557
Iran,IRN,2014,4.652731
Iran,IRN,2015,4.716783
Iran,IRN,2016,4.2781177
Iran,IRN,2017,5.006146
Iran,IRN,2018,4.864528
Iran,IRN,2019,4.7212
Iran,IRN,2020,4.8879
Iran,IRN,2021,4.8763
Iraq,IRQ,2006,4.5898447
Iraq,IRQ,2007,4.7753167
Iraq,IRQ,2008,5.065462
Iraq,IRQ,2009,4.725366
Iraq,IRQ,2010,4.6595087
Iraq,IRQ,2011,4.725017
Iraq,IRQ,2012,4.5415025
Iraq,IRQ,2013,4.493377
Iraq,IRQ,2014,4.412537
Iraq,IRQ,2015,4.462399
Iraq,IRQ,2016,4.8864007
Iraq,IRQ,2018,4.7851653
Iraq,IRQ,2019,4.8541
Iraq,IRQ,2020,4.9409
Iraq,IRQ,2021,4.9409
Ireland,IRL,2004,7.1442466
Ireland,IRL,2006,7.56803
Ireland,IRL,2007,7.0459113
Ireland,IRL,2008,7.2573895
Ireland,IRL,2009,7.006904
Ireland,IRL,2010,6.9646454
Ireland,IRL,2011,6.760085
Ireland,IRL,2012,7.018379
Ireland,IRL,2013,6.8301253
Ireland,IRL,2014,7.0407314
Ireland,IRL,2015,7.0601554
Ireland,IRL,2016,6.9623356
Ireland,IRL,2017,7.2548413
Ireland,IRL,2018,7.0349307
Ireland,IRL,2019,7.0853
Ireland,IRL,2020,7.0408
Ireland,IRL,2021,6.9108
Israel,ISR,2004,7.173417
Israel,ISR,2005,6.841115
Israel,ISR,2006,7.2612615
Israel,ISR,2007,7.352979
Israel,ISR,2008,7.3589163
Israel,ISR,2009,7.433148
Israel,ISR,2010,7.1108546
Israel,ISR,2011,7.3205633
Israel,ISR,2012,7.4005704
Israel,ISR,2013,7.079411
Israel,ISR,2014,7.159011
Israel,ISR,2015,7.331036
Israel,ISR,2016,6.927179
Israel,ISR,2017,7.33178
Israel,ISR,2018,7.194928
Israel,ISR,2019,7.1571
Israel,ISR,2020,7.3638
Israel,ISR,2021,7.4729
Italy,ITA,2003,6.8537836
Italy,ITA,2005,6.5744123
Italy,ITA,2006,6.779774
Italy,ITA,2007,6.3338003
Italy,ITA,2008,6.354238
Italy,ITA,2009,6.0570865
Italy,ITA,2010,5.839314
Italy,ITA,2011,6.0093737
Italy,ITA,2012,6.026585
Italy,ITA,2013,5.847684
Italy,ITA,2014,5.954524
Italy,ITA,2015,6.19887
Italy,ITA,2016,6.5165267
Italy,ITA,2017,6.445417
Italy,ITA,2018,6.488356
Italy,ITA,2019,6.4831
Italy,ITA,2020,6.4667
Italy,ITA,2021,6.4045
Jamaica,JAM,2004,6.207882
Jamaica,JAM,2009,5.3744464
Jamaica,JAM,2011,5.7088866
Jamaica,JAM,2012,5.310539
Jamaica,JAM,2015,5.889759
Jamaica,JAM,2017,6.309239
Jamaica,JAM,2019,6.3092
Jamaica,JAM,2020,5.8496
Jamaica,JAM,2021,5.7027
Japan,JPN,2003,6.515817
Japan,JPN,2005,6.238198
Japan,JPN,2006,5.9106793
Japan,JPN,2007,5.8449993
Japan,JPN,2008,6.0567527
Japan,JPN,2009,6.2627935
Japan,JPN,2010,5.9682164
Japan,JPN,2011,5.9593616
Japan,JPN,2012,5.922621
Japan,JPN,2013,5.8796844
Japan,JPN,2014,5.954651
Japan,JPN,2015,5.9106765
Japan,JPN,2016,5.7935753
Japan,JPN,2017,5.908039
Japan,JPN,2018,6.1179633
Japan,JPN,2019,5.9405
Japan,JPN,2020,6.0389
Japan,JPN,2021,6.129
Jordan,JOR,2003,6.29466
Jordan,JOR,2005,5.5980573
Jordan,JOR,2006,4.930058
Jordan,JOR,2007,5.9998593
Jordan,JOR,2008,5.5699425
Jordan,JOR,2009,5.5393276
Jordan,JOR,2010,5.131996
Jordan,JOR,2011,5.1719527
Jordan,JOR,2012,5.3330216
Jordan,JOR,2013,5.4045935
Jordan,JOR,2014,5.2712846
Jordan,JOR,2015,4.8080826
Jordan,JOR,2016,4.6389337
Jordan,JOR,2017,4.452548
Jordan,JOR,2018,4.0939918
Jordan,JOR,2019,4.3946
Jordan,JOR,2020,4.1521
Jordan,JOR,2021,4.1198
Kazakhstan,KAZ,2004,5.4759483
Kazakhstan,KAZ,2005,5.7185535
Kazakhstan,KAZ,2006,5.88642
Kazakhstan,KAZ,2007,5.382563
Kazakhstan,KAZ,2008,5.5142865
Kazakhstan,KAZ,2009,5.735663
Kazakhstan,KAZ,2010,5.7594695
Kazakhstan,KAZ,2011,5.835483
Kazakhstan,KAZ,2012,5.9700975
Kazakhstan,KAZ,2013,5.949995
Kazakhstan,KAZ,2014,5.5335517
Kazakhstan,KAZ,2015,5.8823514
Kazakhstan,KAZ,2016,6.007636
Kazakhstan,KAZ,2017,6.2722683
Kazakhstan,KAZ,2018,6.168269
Kazakhstan,KAZ,2019,6.1518
Kazakhstan,KAZ,2020,6.2341
Kazakhstan,KAZ,2021,6.1439
Kenya,KEN,2004,4.223234
Kenya,KEN,2005,4.575658
Kenya,KEN,2006,4.0152745
Kenya,KEN,2007,4.270435
Kenya,KEN,2008,4.2558594
Kenya,KEN,2009,4.40531
Kenya,KEN,2010,4.547335
Kenya,KEN,2011,3.7953832
Kenya,KEN,2012,4.9045796
Kenya,KEN,2013,4.357618
Kenya,KEN,2014,4.3961277
Kenya,KEN,2015,4.475654
Kenya,KEN,2016,4.6557026
Kenya,KEN,2017,4.61885
Kenya,KEN,2018,4.546584
Kenya,KEN,2019,4.6066
Kenya,KEN,2020,4.543
Kenya,KEN,2021,4.4866
Kosovo,OWID_KOS,2005,5.103906
Kosovo,OWID_KOS,2006,5.52166
Kosovo,OWID_KOS,2007,5.891433
Kosovo,OWID_KOS,2008,5.1766014
Kosovo,OWID_KOS,2009,4.859502
Kosovo,OWID_KOS,2010,5.6395884
Kosovo,OWID_KOS,2011,6.125758
Kosovo,OWID_KOS,2012,5.0003753
Kosovo,OWID_KOS,2013,5.077461
Kosovo,OWID_KOS,2014,5.7594123
Kosovo,OWID_KOS,2015,6.1492
Kosovo,OWID_KOS,2016,6.3918257
Kosovo,OWID_KOS,2017,6.425144
Kosovo,OWID_KOS,2018,6.294414
Kosovo,OWID_KOS,2019,6.372
Kosovo,OWID_KOS,2020,6.4551
Kosovo,OWID_KOS,2021,6.3676
Kuwait,KWT,2004,6.075547
Kuwait,KWT,2007,6.585246
Kuwait,KWT,2008,6.798151
Kuwait,KWT,2009,6.3776994
Kuwait,KWT,2010,6.2210946
Kuwait,KWT,2011,6.480031
Kuwait,KWT,2012,6.1801386
Kuwait,KWT,2013,6.146032
Kuwait,KWT,2014,5.9471946
Kuwait,KWT,2015,6.0939054
Kuwait,KWT,2017,6.1061196
Kuwait,KWT,2019,6.1061
Kuwait,KWT,2020,6.1061
Kyrgyzstan,KGZ,2004,4.641399
Kyrgyzstan,KGZ,2005,4.6977615
Kyrgyzstan,KGZ,2006,4.736588
Kyrgyzstan,KGZ,2007,5.0690536
Kyrgyzstan,KGZ,2008,4.996411
Kyrgyzstan,KGZ,2009,4.921049
Kyrgyzstan,KGZ,2010,5.2077856
Kyrgyzstan,KGZ,2011,5.4024267
Kyrgyzstan,KGZ,2012,5.252193
Kyrgyzstan,KGZ,2013,4.905376
Kyrgyzstan,KGZ,2014,4.856534
Kyrgyzstan,KGZ,2015,5.6295366
Kyrgyzstan,KGZ,2016,5.2973833
Kyrgyzstan,KGZ,2017,5.6852207
Kyrgyzstan,KGZ,2018,6.249586
Kyrgyzstan,KGZ,2019,5.7436
Kyrgyzstan,KGZ,2020,5.8285
Kyrgyzstan,KGZ,2021,5.8253
Laos,LAO,2004,5.0762258
Laos,LAO,2005,5.363855
Laos,LAO,2006,5.044099
Laos,LAO,2009,4.7037497
Laos,LAO,2010,4.876085
Laos,LAO,2015,4.623141
Laos,LAO,2016,4.859402
Laos,LAO,2017,5.196856
Laos,LAO,2018,5.284391
Laos,LAO,2019,5.03
Laos,LAO,2020,5.1403
Laos,LAO,2021,5.1107
Latvia,LVA,2004,4.709502
Latvia,LVA,2005,4.6669717
Latvia,LVA,2006,5.1453753
Latvia,LVA,2007,4.6689105
Latvia,LVA,2009,4.9668117
Latvia,LVA,2010,5.1250253
Latvia,LVA,2011,5.0697703
Latvia,LVA,2012,5.7291155
Latvia,LVA,2013,5.8805976
Latvia,LVA,2014,5.9404464
Latvia,LVA,2015,5.9778175
Latvia,LVA,2016,5.901154
Latvia,LVA,2017,5.9697537
Latvia,LVA,2018,6.2290087
Latvia,LVA,2019,6.032
Latvia,LVA,2020,6.1804
Latvia,LVA,2021,6.2127
Lebanon,LBN,2003,5.4912453
Lebanon,LBN,2004,4.653104
Lebanon,LBN,2006,4.594851
Lebanon,LBN,2007,5.205999
Lebanon,LBN,2008,5.0318995
Lebanon,LBN,2009,5.1875715
Lebanon,LBN,2010,4.572567
Lebanon,LBN,2011,4.983289
Lebanon,LBN,2012,5.2330256
Lebanon,LBN,2013,5.1719713
Lebanon,LBN,2014,5.270724
Lebanon,LBN,2015,5.15399
Lebanon,LBN,2016,5.1671867
Lebanon,LBN,2017,4.0242195
Lebanon,LBN,2019,4.5838
Lebanon,LBN,2020,2.9553
Lebanon,LBN,2021,2.3922
Lesotho,LSO,2009,4.897515
Lesotho,LSO,2014,3.808205
Lesotho,LSO,2015,3.7953007
Lesotho,LSO,2017,3.5117805
Lesotho,LSO,2019,3.5118
Lesotho,LSO,2020,3.5118
Liberia,LBR,2005,3.7014012
Liberia,LBR,2006,4.221354
Liberia,LBR,2008,4.196063
Liberia,LBR,2012,4.5714192
Liberia,LBR,2013,2.7015913
Liberia,LBR,2014,3.354676
Liberia,LBR,2015,4.424491
Liberia,LBR,2016,4.134853
Liberia,LBR,2017,5.121461
Liberia,LBR,2019,4.6252
Liberia,LBR,2020,5.1215
Liberia,LBR,2021,4.0423
Libya,LBY,2010,5.754394
Libya,LBY,2013,5.6154046
Libya,LBY,2014,5.4335833
Libya,LBY,2015,5.6468525
Libya,LBY,2016,5.4939775
Libya,LBY,2017,5.330222
Libya,LBY,2019,5.4103
Libya,LBY,2020,5.3302
Lithuania,LTU,2004,5.954443
Lithuania,LTU,2005,5.8082848
Lithuania,LTU,2006,5.553926
Lithuania,LTU,2007,5.466921
Lithuania,LTU,2008,5.065825
Lithuania,LTU,2009,5.4324374
Lithuania,LTU,2010,5.771037
Lithuania,LTU,2011,5.5956893
Lithuania,LTU,2012,6.125724
Lithuania,LTU,2013,5.711378
Lithuania,LTU,2014,5.8655524
Lithuania,LTU,2015,6.2729406
Lithuania,LTU,2016,6.308879
Lithuania,LTU,2017,6.064098
Lithuania,LTU,2018,6.391379
Lithuania,LTU,2019,6.2554
Lithuania,LTU,2020,6.4456
Lithuania,LTU,2021,6.763
Luxembourg,LUX,2007,6.95792
Luxembourg,LUX,2008,7.097252
Luxembourg,LUX,2009,7.1014004
Luxembourg,LUX,2010,6.964097
Luxembourg,LUX,2011,7.1308093
Luxembourg,LUX,2012,6.891127
Luxembourg,LUX,2013,6.7015715
Luxembourg,LUX,2014,6.967341
Luxembourg,LUX,2015,7.061381
Luxembourg,LUX,2016,7.242631
Luxembourg,LUX,2017,7.4040155
Luxembourg,LUX,2019,7.3244
Luxembourg,LUX,2020,7.404
Luxembourg,LUX,2021,7.2279
Madagascar,MDG,2004,3.9797513
Madagascar,MDG,2006,4.640079
Madagascar,MDG,2009,4.3814154
Madagascar,MDG,2010,3.5506096
Madagascar,MDG,2011,3.815607
Madagascar,MDG,2012,3.675627
Madagascar,MDG,2013,3.592514
Madagascar,MDG,2014,3.663086
Madagascar,MDG,2015,4.0786204
Madagascar,MDG,2016,4.0705867
Madagascar,MDG,2017,4.3390875
Madagascar,MDG,2019,4.2085
Madagascar,MDG,2020,4.3391
Madagascar,MDG,2021,4.0191
Malawi,MWI,2004,3.829868
Malawi,MWI,2005,4.8910365
Malawi,MWI,2007,5.1482396
Malawi,MWI,2009,3.9460626
Malawi,MWI,2010,4.2792697
Malawi,MWI,2011,4.0350842
Malawi,MWI,2012,4.5630803
Malawi,MWI,2013,3.8676383
Malawi,MWI,2014,3.4764926
Malawi,MWI,2015,3.416863
Malawi,MWI,2016,3.3346336
Malawi,MWI,2017,3.8691237
Malawi,MWI,2019,3.6
Malawi,MWI,2020,3.7504
Malawi,MWI,2021,3.4952
Malaysia,MYS,2004,6.011717
Malaysia,MYS,2005,6.2389045
Malaysia,MYS,2006,5.806782
Malaysia,MYS,2007,5.3847017
Malaysia,MYS,2008,5.5802817
Malaysia,MYS,2009,5.7863674
Malaysia,MYS,2010,5.9142838
Malaysia,MYS,2011,5.7702
Malaysia,MYS,2012,5.9629216
Malaysia,MYS,2013,6.322121
Malaysia,MYS,2016,5.3388176
Malaysia,MYS,2017,5.427954
Malaysia,MYS,2019,5.3843
Malaysia,MYS,2020,5.7113
Malaysia,MYS,2021,6.0123
Maldives,MDV,2016,5.1975746
Maldives,MDV,2019,5.1976
Mali,MLI,2004,4.0140758
Mali,MLI,2006,4.114664
Mali,MLI,2007,3.9765985
Mali,MLI,2008,3.762305
Mali,MLI,2009,4.666833
Mali,MLI,2010,4.313017
Mali,MLI,2011,3.6762772
Mali,MLI,2012,3.9747143
Mali,MLI,2013,4.5820985
Mali,MLI,2014,4.016028
Mali,MLI,2015,4.7418504
Mali,MLI,2016,4.4157295
Mali,MLI,2017,4.987992
Mali,MLI,2019,4.7235
Mali,MLI,2020,4.479
Mali,MLI,2021,4.1978
Malta,MLT,2007,6.3276396
Malta,MLT,2008,5.7738748
Malta,MLT,2009,6.1547184
Malta,MLT,2010,5.962872
Malta,MLT,2011,6.379925
Malta,MLT,2012,6.452118
Malta,MLT,2013,6.6133943
Malta,MLT,2014,6.5908422
Malta,MLT,2015,6.675666
Malta,MLT,2016,6.909711
Malta,MLT,2017,6.7329774
Malta,MLT,2018,6.1568227
Malta,MLT,2019,6.602
Malta,MLT,2020,6.4469
Malta,MLT,2021,6.2999
Mauritania,MRT,2005,4.149043
Mauritania,MRT,2006,4.248075
Mauritania,MRT,2007,4.5004315
Mauritania,MRT,2008,4.772307
Mauritania,MRT,2009,4.7848043
Mauritania,MRT,2010,4.673204
Mauritania,MRT,2011,4.199015
Mauritania,MRT,2012,4.4828053
Mauritania,MRT,2013,3.9226642
Mauritania,MRT,2014,4.4721494
Mauritania,MRT,2015,4.6781597
Mauritania,MRT,2016,4.3136153
Mauritania,MRT,2017,4.1526194
Mauritania,MRT,2019,4.2274
Mauritania,MRT,2020,4.1526
Mauritania,MRT,2021,4.7239
Mauritius,MUS,2009,5.477073
Mauritius,MUS,2012,5.64778
Mauritius,MUS,2014,5.6100035
Mauritius,MUS,2015,6.1741176
Mauritius,MUS,2016,5.8817406
Mauritius,MUS,2017,6.241165
Mauritius,MUS,2018,6.0153003
Mauritius,MUS,2019,6.049
Mauritius,MUS,2020,6.0711
Mauritius,MUS,2021,5.9023
Mexico,MEX,2003,6.580658
Mexico,MEX,2005,6.525378
Mexico,MEX,2006,6.829036
Mexico,MEX,2007,6.962819
Mexico,MEX,2008,6.8023887
Mexico,MEX,2009,6.9095154
Mexico,MEX,2010,7.320185
Mexico,MEX,2011,7.4425464
Mexico,MEX,2012,6.679831
Mexico,MEX,2013,6.236287
Mexico,MEX,2014,6.824173
Mexico,MEX,2015,6.4102993
Mexico,MEX,2016,6.5495787
Mexico,MEX,2017,6.4319453
Mexico,MEX,2018,5.964221
Mexico,MEX,2019,6.3168
Mexico,MEX,2020,6.1276
Mexico,MEX,2021,6.3295
Moldova,MDA,2004,5.1020713
Moldova,MDA,2005,4.774918
Moldova,MDA,2006,5.502756
Moldova,MDA,2007,5.554374
Moldova,MDA,2008,5.5897365
Moldova,MDA,2009,5.7922626
Moldova,MDA,2010,5.9957128
Moldova,MDA,2011,5.756059
Moldova,MDA,2012,5.9170585
Moldova,MDA,2013,6.0174723
Moldova,MDA,2014,5.577784
Moldova,MDA,2015,5.3255305
Moldova,MDA,2016,5.682277
Moldova,MDA,2017,5.8034506
Moldova,MDA,2018,5.811629
Moldova,MDA,2019,5.7664
Moldova,MDA,2020,5.8568
Moldova,MDA,2021,5.8192
Mongolia,MNG,2005,4.6090593
Mongolia,MNG,2006,4.49301
Mongolia,MNG,2008,4.5855236
Mongolia,MNG,2009,5.0311737
Mongolia,MNG,2010,4.8851504
Mongolia,MNG,2011,4.912928
Mongolia,MNG,2012,4.824835
Mongolia,MNG,2013,4.98272
Mongolia,MNG,2014,5.0569997
Mongolia,MNG,2015,5.3338504
Mongolia,MNG,2016,5.464623
Mongolia,MNG,2017,5.5629053
Mongolia,MNG,2018,6.011365
Mongolia,MNG,2019,5.6772
Mongolia,MNG,2020,5.7607
Mongolia,MNG,2021,5.8402
Montenegro,MNE,2005,5.1963153
Montenegro,MNE,2007,4.80106
Montenegro,MNE,2008,5.4550304
Montenegro,MNE,2009,5.223117
Montenegro,MNE,2010,5.2187243
Montenegro,MNE,2011,5.074342
Montenegro,MNE,2012,5.2827206
Montenegro,MNE,2013,5.1249213
Montenegro,MNE,2014,5.304066
Montenegro,MNE,2015,5.6147985
Montenegro,MNE,2016,5.65019
Montenegro,MNE,2017,5.386025
Montenegro,MNE,2018,5.7221627
Montenegro,MNE,2019,5.5805
Montenegro,MNE,2020,5.5468
Montenegro,MNE,2021,5.7222
Morocco,MAR,2008,4.3832474
Morocco,MAR,2009,5.084973
Morocco,MAR,2010,4.9696565
Morocco,MAR,2011,5.1421604
Morocco,MAR,2013,5.163157
Morocco,MAR,2014,5.3863072
Morocco,MAR,2015,5.312483
Morocco,MAR,2016,4.896792
Morocco,MAR,2017,5.0567517
Morocco,MAR,2018,4.8026175
Morocco,MAR,2019,4.918
Morocco,MAR,2020,5.0599
Morocco,MAR,2021,4.9028
Mozambique,MOZ,2004,4.5948796
Mozambique,MOZ,2005,4.832635
Mozambique,MOZ,2006,4.653583
Mozambique,MOZ,2009,4.971112
Mozambique,MOZ,2013,4.5497675
Mozambique,MOZ,2015,4.2798634
Mozambique,MOZ,2016,4.6537137
Mozambique,MOZ,2017,4.9321327
Mozambique,MOZ,2019,4.7945
Mozambique,MOZ,2020,5.0483
Mozambique,MOZ,2021,4.954
Myanmar,MMR,2010,4.4389396
Myanmar,MMR,2011,4.1756706
Myanmar,MMR,2012,4.7862473
Myanmar,MMR,2013,4.2238464
Myanmar,MMR,2014,4.62312
Myanmar,MMR,2015,4.1543417
Myanmar,MMR,2016,4.410633
Myanmar,MMR,2017,4.4342375
Myanmar,MMR,2018,4.431364
Myanmar,MMR,2019,4.4258
Myanmar,MMR,2020,4.3942
Myanmar,MMR,2021,4.3725
Namibia,NAM,2005,4.885587
Namibia,NAM,2012,4.5739913
Namibia,NAM,2015,4.441306
Namibia,NAM,2016,4.834088
Namibia,NAM,2017,4.435811
Namibia,NAM,2018,4.45101
Namibia,NAM,2019,4.5741
Namibia,NAM,2020,4.4594
Namibia,NAM,2021,4.6308
Nepal,NPL,2004,4.5665946
Nepal,NPL,2005,4.7482843
Nepal,NPL,2006,4.4405265
Nepal,NPL,2007,4.916868
Nepal,NPL,2008,4.349675
Nepal,NPL,2009,3.8094447
Nepal,NPL,2010,4.233245
Nepal,NPL,2011,4.6045766
Nepal,NPL,2012,4.9750147
Nepal,NPL,2013,4.8124366
Nepal,NPL,2014,5.0995398
Nepal,NPL,2015,4.7366924
Nepal,NPL,2016,4.9100866
Nepal,NPL,2017,5.4487247
Nepal,NPL,2019,5.2689
Nepal,NPL,2020,5.3765
Nepal,NPL,2021,5.3603
Netherlands,NLD,2003,7.4639792
Netherlands,NLD,2005,7.4518795
Netherlands,NLD,2006,7.631012
Netherlands,NLD,2008,7.501876
Netherlands,NLD,2009,7.563798
Netherlands,NLD,2010,7.4707155
Netherlands,NLD,2011,7.4065504
Netherlands,NLD,2012,7.3211884
Netherlands,NLD,2013,7.324437
Netherlands,NLD,2014,7.5408773
Netherlands,NLD,2015,7.4589653
Netherlands,NLD,2016,7.463097
Netherlands,NLD,2017,7.4252687
Netherlands,NLD,2018,7.504448
Netherlands,NLD,2019,7.464
Netherlands,NLD,2020,7.4149
Netherlands,NLD,2021,7.403
New Zealand,NZL,2004,7.305014
New Zealand,NZL,2005,7.604173
New Zealand,NZL,2006,7.3811707
New Zealand,NZL,2008,7.2237563
New Zealand,NZL,2009,7.190638
New Zealand,NZL,2010,7.24963
New Zealand,NZL,2011,7.280152
New Zealand,NZL,2012,7.3058925
New Zealand,NZL,2013,7.418121
New Zealand,NZL,2014,7.225688
New Zealand,NZL,2015,7.327183
New Zealand,NZL,2016,7.370286
New Zealand,NZL,2017,7.2051744
New Zealand,NZL,2018,7.257382
New Zealand,NZL,2019,7.2766
New Zealand,NZL,2020,7.1998
New Zealand,NZL,2021,7.1229
Nicaragua,NIC,2004,4.4601583
Nicaragua,NIC,2005,4.944091
Nicaragua,NIC,2006,5.1038275
Nicaragua,NIC,2007,5.3528047
Nicaragua,NIC,2008,5.6866994
Nicaragua,NIC,2009,5.3857055
Nicaragua,NIC,2010,5.448006
Nicaragua,NIC,2011,5.772275
Nicaragua,NIC,2012,6.2752666
Nicaragua,NIC,2013,5.924113
Nicaragua,NIC,2014,6.0127397
Nicaragua,NIC,2015,6.4763565
Nicaragua,NIC,2016,5.8189526
Nicaragua,NIC,2017,6.112545
Nicaragua,NIC,2019,5.9721
Nicaragua,NIC,2020,6.1646
Nicaragua,NIC,2021,6.2588
Niger,NER,2004,3.7369518
Niger,NER,2005,4.2774024
Niger,NER,2006,4.235657
Niger,NER,2007,4.26717
Niger,NER,2008,4.101016
Niger,NER,2009,4.5558295
Niger,NER,2010,3.7980883
Niger,NER,2011,3.7163298
Niger,NER,2012,4.1809435
Niger,NER,2013,3.6714537
Niger,NER,2014,4.234646
Niger,NER,2015,4.6156735
Niger,NER,2016,5.164007
Niger,NER,2017,5.0035443
Niger,NER,2019,5.0741
Niger,NER,2020,5.0035
Niger,NER,2021,4.5013
Nigeria,NGA,2004,4.709746
Nigeria,NGA,2005,4.8904195
Nigeria,NGA,2006,4.9385605
Nigeria,NGA,2007,4.9802203
Nigeria,NGA,2008,4.760276
Nigeria,NGA,2010,5.4929543
Nigeria,NGA,2011,4.8178687
Nigeria,NGA,2013,4.9329147
Nigeria,NGA,2014,5.219568
Nigeria,NGA,2015,5.321928
Nigeria,NGA,2016,5.2522883
Nigeria,NGA,2017,4.356419
Nigeria,NGA,2018,5.5029483
Nigeria,NGA,2019,4.7593
Nigeria,NGA,2020,4.552
Nigeria,NGA,2021,4.9806
North Macedonia,MKD,2005,4.4935985
North Macedonia,MKD,2007,4.428022
North Macedonia,MKD,2008,4.180202
North Macedonia,MKD,2009,4.89818
North Macedonia,MKD,2010,4.6396475
North Macedonia,MKD,2011,5.1861906
North Macedonia,MKD,2012,5.203826
North Macedonia,MKD,2013,4.9755898
North Macedonia,MKD,2014,5.345746
North Macedonia,MKD,2015,5.2338667
North Macedonia,MKD,2016,5.239835
North Macedonia,MKD,2017,5.0154853
North Macedonia,MKD,2018,5.053664
North Macedonia,MKD,2019,5.1012
North Macedonia,MKD,2020,5.199
North Macedonia,MKD,2021,5.2536
Northern Cyprus,OWID_CYN,2010,5.4633055
Northern Cyprus,OWID_CYN,2011,5.5668025
Northern Cyprus,OWID_CYN,2012,5.785979
Northern Cyprus,OWID_CYN,2013,5.8425503
Northern Cyprus,OWID_CYN,2014,5.827128
Northern Cyprus,OWID_CYN,2016,5.608056
Northern Cyprus,OWID_CYN,2017,5.466615
Northern Cyprus,OWID_CYN,2019,5.5355
Northern Cyprus,OWID_CYN,2020,5.4666
Norway,NOR,2004,7.4156823
Norway,NOR,2006,7.6322875
Norway,NOR,2010,7.678277
Norway,NOR,2012,7.444471
Norway,NOR,2013,7.6034336
Norway,NOR,2014,7.5963316
Norway,NOR,2015,7.578745
Norway,NOR,2016,7.444262
Norway,NOR,2017,7.4421396
Norway,NOR,2018,7.2900324
Norway,NOR,2019,7.3925
Norway,NOR,2020,7.3651
Norway,NOR,2021,7.3155
Oman,OMN,2009,6.852982
Pakistan,PAK,2003,5.2246575
Pakistan,PAK,2005,5.6714606
Pakistan,PAK,2006,4.413919
Pakistan,PAK,2007,5.2081466
Pakistan,PAK,2008,5.786133
Pakistan,PAK,2009,5.267186
Pakistan,PAK,2010,5.131565
Pakistan,PAK,2011,5.1380825
Pakistan,PAK,2012,5.435658
Pakistan,PAK,2013,4.823195
Pakistan,PAK,2014,5.548508
Pakistan,PAK,2015,5.8308706
Pakistan,PAK,2016,5.471554
Pakistan,PAK,2017,4.4427176
Pakistan,PAK,2019,4.934
Pakistan,PAK,2020,4.5158
Pakistan,PAK,2021,4.5554
Palestine,PSE,2004,4.7163877
Palestine,PSE,2005,4.151054
Palestine,PSE,2006,4.3856034
Palestine,PSE,2007,4.4701915
Palestine,PSE,2008,4.702604
Palestine,PSE,2009,4.7512197
Palestine,PSE,2010,4.6466084
Palestine,PSE,2011,4.844028
Palestine,PSE,2012,4.721938
Palestine,PSE,2013,4.695239
Palestine,PSE,2014,4.906618
Palestine,PSE,2015,4.628133
Palestine,PSE,2016,4.5539217
Palestine,PSE,2017,4.4825373
Palestine,PSE,2019,4.5167
Palestine,PSE,2020,4.4825
Palestine,PSE,2021,4.9078
Panama,PAN,2004,6.1279883
Panama,PAN,2005,6.89414
Panama,PAN,2006,6.9309034
Panama,PAN,2007,7.03374
Panama,PAN,2008,7.3214674
Panama,PAN,2009,7.2480807
Panama,PAN,2010,6.8598356
Panama,PAN,2011,6.8664804
Panama,PAN,2012,6.631171
Panama,PAN,2013,6.6055503
Panama,PAN,2014,6.117638
Panama,PAN,2015,6.567659
Panama,PAN,2016,6.281434
Panama,PAN,2017,6.085955
Panama,PAN,2019,6.1796
Panama,PAN,2020,6.3091
Panama,PAN,2021,6.2645
Paraguay,PRY,2004,4.730082
Paraguay,PRY,2005,5.2724614
Paraguay,PRY,2006,5.5700617
Paraguay,PRY,2007,5.576147
Paraguay,PRY,2008,5.841174
Paraguay,PRY,2009,5.6770806
Paraguay,PRY,2010,5.8200583
Paraguay,PRY,2011,5.9362407
Paraguay,PRY,2012,5.118642
Paraguay,PRY,2013,5.5597243
Paraguay,PRY,2014,5.80138
Paraguay,PRY,2015,5.7132955
Paraguay,PRY,2017,5.6526256
Paraguay,PRY,2019,5.6526
Paraguay,PRY,2020,5.5783
Paraguay,PRY,2021,5.7378
Peru,PER,2004,4.8108454
Peru,PER,2005,5.213962
Peru,PER,2006,5.129231
Peru,PER,2007,5.518847
Peru,PER,2008,5.6127853
Peru,PER,2009,5.8924575
Peru,PER,2010,5.8245573
Peru,PER,2011,5.7825575
Peru,PER,2012,5.8658156
Peru,PER,2013,5.5772634
Peru,PER,2014,5.7006288
Peru,PER,2015,5.7109365
Peru,PER,2016,5.6796613
Peru,PER,2017,5.9993815
Peru,PER,2019,5.8396
Peru,PER,2020,5.5591
Peru,PER,2021,5.5259
Philippines,PHL,2004,4.6699457
Philippines,PHL,2005,5.073562
Philippines,PHL,2006,4.589065
Philippines,PHL,2007,4.879911
Philippines,PHL,2008,4.941514
Philippines,PHL,2009,4.9939566
Philippines,PHL,2010,5.001965
Philippines,PHL,2011,4.9769254
Philippines,PHL,2012,5.31255
Philippines,PHL,2013,5.547489
Philippines,PHL,2014,5.430833
Philippines,PHL,2015,5.59427
Philippines,PHL,2016,5.8691726
Philippines,PHL,2017,6.267745
Philippines,PHL,2018,5.079585
Philippines,PHL,2019,5.8802
Philippines,PHL,2020,5.9036
Philippines,PHL,2021,5.5229
Poland,POL,2003,5.587209
Poland,POL,2005,5.8861375
Poland,POL,2007,5.7720275
Poland,POL,2008,5.8870296
Poland,POL,2009,5.646205
Poland,POL,2010,5.8759317
Poland,POL,2011,5.746132
Poland,POL,2012,5.7502823
Poland,POL,2013,6.007022
Poland,POL,2014,6.1620765
Poland,POL,2015,6.201268
Poland,POL,2016,6.111485
Poland,POL,2017,6.242094
Poland,POL,2018,6.1394553
Poland,POL,2019,6.1661
Poland,POL,2020,6.1228
Poland,POL,2021,6.2597
Portugal,PRT,2004,5.4052463
Portugal,PRT,2006,5.7169666
Portugal,PRT,2008,5.094526
Portugal,PRT,2009,5.219998
Portugal,PRT,2010,4.9939623
Portugal,PRT,2011,5.157688
Portugal,PRT,2012,5.1269116
Portugal,PRT,2013,5.0808663
Portugal,PRT,2014,5.446637
Portugal,PRT,2015,5.711499
Portugal,PRT,2016,5.9198227
Portugal,PRT,2017,6.0954733
Portugal,PRT,2018,5.767792
Portugal,PRT,2019,5.929
Portugal,PRT,2020,6.0163
Portugal,PRT,2021,5.968
Qatar,QAT,2007,6.4178243
Qatar,QAT,2008,6.849653
Qatar,QAT,2009,6.591604
Qatar,QAT,2010,6.6112986
Qatar,QAT,2013,6.3745294
Romania,ROU,2003,5.0486484
Romania,ROU,2005,5.393724
Romania,ROU,2007,5.367565
Romania,ROU,2008,4.909166
Romania,ROU,2009,5.0227575
Romania,ROU,2010,5.166875
Romania,ROU,2011,5.0815845
Romania,ROU,2012,5.7268934
Romania,ROU,2013,5.777491
Romania,ROU,2014,5.9688706
Romania,ROU,2015,6.089905
Romania,ROU,2016,6.150879
Romania,ROU,2017,6.1299424
Romania,ROU,2019,6.14
Romania,ROU,2020,6.477
Romania,ROU,2021,6.5891
Russia,RUS,2004,4.9637427
Russia,RUS,2005,5.2228675
Russia,RUS,2006,5.618754
Russia,RUS,2007,5.158228
Russia,RUS,2008,5.3847733
Russia,RUS,2009,5.3887663
Russia,RUS,2010,5.6207356
Russia,RUS,2011,5.5371776
Russia,RUS,2012,6.036977
Russia,RUS,2013,5.9955387
Russia,RUS,2014,5.8549457
Russia,RUS,2015,5.578743
Russia,RUS,2016,5.5135
Russia,RUS,2017,5.4405236
Russia,RUS,2018,5.495289
Russia,RUS,2019,5.4772
Russia,RUS,2020,5.4586
Russia,RUS,2021,5.6607
Rwanda,RWA,2004,4.2147036
Rwanda,RWA,2006,4.362989
Rwanda,RWA,2007,4.029762
Rwanda,RWA,2009,4.097436
Rwanda,RWA,2010,3.3330479
Rwanda,RWA,2011,3.4663877
Rwanda,RWA,2012,3.5956783
Rwanda,RWA,2013,3.483109
Rwanda,RWA,2014,3.33299
Rwanda,RWA,2015,3.1083739
Rwanda,RWA,2016,3.5610466
Rwanda,RWA,2017,3.2681522
Rwanda,RWA,2019,3.4147
Rwanda,RWA,2020,3.2682
Saudi Arabia,SAU,2003,7.079644
Saudi Arabia,SAU,2005,7.266694
Saudi Arabia,SAU,2006,6.8113704
Saudi Arabia,SAU,2007,6.14759
Saudi Arabia,SAU,2008,6.3070984
Saudi Arabia,SAU,2009,6.6997895
Saudi Arabia,SAU,2010,6.3963594
Saudi Arabia,SAU,2011,6.495133
Saudi Arabia,SAU,2012,6.278378
Saudi Arabia,SAU,2013,6.345492
Saudi Arabia,SAU,2014,6.4739213
Saudi Arabia,SAU,2015,6.2942824
Saudi Arabia,SAU,2016,6.3563933
Saudi Arabia,SAU,2017,6.5612473
Saudi Arabia,SAU,2018,6.5595884
Saudi Arabia,SAU,2019,6.494
Saudi Arabia,SAU,2020,6.5228
Saudi Arabia,SAU,2021,6.4626
Senegal,SEN,2004,4.4173527
Senegal,SEN,2005,4.679987
Senegal,SEN,2006,4.6835
Senegal,SEN,2007,4.335114
Senegal,SEN,2008,4.372156
Senegal,SEN,2009,3.8342016
Senegal,SEN,2010,3.668737
Senegal,SEN,2011,3.647367
Senegal,SEN,2012,4.3947773
Senegal,SEN,2013,4.6170006
Senegal,SEN,2014,4.594534
Senegal,SEN,2015,4.683025
Senegal,SEN,2016,4.769377
Senegal,SEN,2017,5.4887366
Senegal,SEN,2019,5.1318
Senegal,SEN,2020,5.0461
Senegal,SEN,2021,4.8551
Serbia,SRB,2005,4.750384
Serbia,SRB,2007,4.380312
Serbia,SRB,2008,4.461304
Serbia,SRB,2009,4.8151865
Serbia,SRB,2010,5.154522
Serbia,SRB,2011,5.1018405
Serbia,SRB,2012,5.1127286
Serbia,SRB,2013,5.317685
Serbia,SRB,2014,5.7527547
Serbia,SRB,2015,5.122031
Serbia,SRB,2016,5.9364934
Serbia,SRB,2017,6.2414074
Serbia,SRB,2018,6.0415463
Serbia,SRB,2019,6.0779
Serbia,SRB,2020,6.178
Serbia,SRB,2021,6.1436
Sierra Leone,SLE,2004,3.628185
Sierra Leone,SLE,2005,3.5851274
Sierra Leone,SLE,2006,2.997251
Sierra Leone,SLE,2008,4.133956
Sierra Leone,SLE,2009,4.5016437
Sierra Leone,SLE,2011,4.5142913
Sierra Leone,SLE,2012,4.4999704
Sierra Leone,SLE,2013,4.908618
Sierra Leone,SLE,2014,4.732953
Sierra Leone,SLE,2015,4.0895624
Sierra Leone,SLE,2016,4.305683
Sierra Leone,SLE,2017,3.4473815
Sierra Leone,SLE,2019,3.8494
Sierra Leone,SLE,2020,3.574
Sierra Leone,SLE,2021,3.1376
Singapore,SGP,2004,6.4627028
Singapore,SGP,2005,6.8337545
Singapore,SGP,2006,6.641957
Singapore,SGP,2007,6.1446767
Singapore,SGP,2008,6.5314016
Singapore,SGP,2009,6.561042
Singapore,SGP,2011,6.533207
Singapore,SGP,2012,7.0623646
Singapore,SGP,2013,6.619525
Singapore,SGP,2014,6.0334806
Singapore,SGP,2015,6.378438
Singapore,SGP,2016,6.374564
Singapore,SGP,2017,6.37836
Singapore,SGP,2019,6.3765
Singapore,SGP,2020,6.4802
Singapore,SGP,2021,6.5867
Slovakia,SVK,2004,5.2646766
Slovakia,SVK,2008,6.052223
Slovakia,SVK,2009,5.9450483
Slovakia,SVK,2010,5.9110594
Slovakia,SVK,2011,5.9365273
Slovakia,SVK,2012,6.138873
Slovakia,SVK,2013,6.1620045
Slovakia,SVK,2014,5.993163
Slovakia,SVK,2015,6.365509
Slovakia,SVK,2016,6.2351108
Slovakia,SVK,2017,6.2434287
Slovakia,SVK,2018,6.5190983
Slovakia,SVK,2019,6.3309
Slovakia,SVK,2020,6.3907
Slovakia,SVK,2021,6.4686
Slovenia,SVN,2004,5.8112645
Slovenia,SVN,2007,5.8301606
Slovenia,SVN,2008,6.0825553
Slovenia,SVN,2009,6.035964
Slovenia,SVN,2010,6.062891
Slovenia,SVN,2011,5.974889
Slovenia,SVN,2012,5.6783953
Slovenia,SVN,2013,5.740642
Slovenia,SVN,2014,5.9368215
Slovenia,SVN,2015,6.1668377
Slovenia,SVN,2016,6.249419
Slovenia,SVN,2017,6.6652737
Slovenia,SVN,2018,6.462076
Slovenia,SVN,2019,6.4607
Slovenia,SVN,2020,6.6301
Slovenia,SVN,2021,6.6499
Somalia,SOM,2012,5.5282726
Somalia,SOM,2013,5.353645
Somalia,SOM,2014,4.667941
Somaliland region,,2007,4.9914
Somaliland region,,2008,4.6573634
Somaliland region,,2009,4.9305716
Somaliland region,,2010,5.0573144
South Africa,ZAF,2004,5.0839868
South Africa,ZAF,2005,5.2044544
South Africa,ZAF,2006,5.346307
South Africa,ZAF,2007,5.218431
South Africa,ZAF,2008,4.6524286
South Africa,ZAF,2009,4.9305115
South Africa,ZAF,2010,5.133888
South Africa,ZAF,2011,3.6607273
South Africa,ZAF,2012,4.8284564
South Africa,ZAF,2013,4.887326
South Africa,ZAF,2014,4.7697396
South Africa,ZAF,2015,4.513655
South Africa,ZAF,2016,4.883922
South Africa,ZAF,2017,5.0348635
South Africa,ZAF,2018,4.9468007
South Africa,ZAF,2019,4.9564
South Africa,ZAF,2020,5.1939
South Africa,ZAF,2021,5.2746
South Korea,KOR,2004,5.3321776
South Korea,KOR,2005,5.767276
South Korea,KOR,2006,5.3896246
South Korea,KOR,2007,5.64769
South Korea,KOR,2008,6.1160245
South Korea,KOR,2009,6.946599
South Korea,KOR,2010,6.003287
South Korea,KOR,2011,5.95881
South Korea,KOR,2012,5.8013253
South Korea,KOR,2013,5.7802114
South Korea,KOR,2014,5.9705644
South Korea,KOR,2015,5.873887
South Korea,KOR,2016,5.8402314
South Korea,KOR,2017,5.902817
South Korea,KOR,2018,5.7926955
South Korea,KOR,2019,5.8455
South Korea,KOR,2020,5.9351
South Korea,KOR,2021,5.9511
South Sudan,SSD,2012,3.8319924
South Sudan,SSD,2013,4.070771
South Sudan,SSD,2014,2.8881123
South Sudan,SSD,2015,2.8166225
Spain,ESP,2003,7.152786
Spain,ESP,2005,6.9946146
Spain,ESP,2006,7.2944727
Spain,ESP,2007,6.1986012
Spain,ESP,2008,6.1882625
Spain,ESP,2009,6.518249
Spain,ESP,2010,6.2906904
Spain,ESP,2011,6.1500273
Spain,ESP,2012,6.4564776
Spain,ESP,2013,6.3806634
Spain,ESP,2014,6.318612
Spain,ESP,2015,6.230173
Spain,ESP,2016,6.513371
Spain,ESP,2017,6.4574494
Spain,ESP,2018,6.5021753
Spain,ESP,2019,6.4907
Spain,ESP,2020,6.4763
Spain,ESP,2021,6.4362
Sri Lanka,LKA,2004,4.3446107
Sri Lanka,LKA,2005,4.4148054
Sri Lanka,LKA,2006,4.430846
Sri Lanka,LKA,2007,4.2120266
Sri Lanka,LKA,2008,3.976905
Sri Lanka,LKA,2009,4.180569
Sri Lanka,LKA,2010,4.224593
Sri Lanka,LKA,2011,4.364694
Sri Lanka,LKA,2012,4.267933
Sri Lanka,LKA,2013,4.6116066
Sri Lanka,LKA,2015,4.3309455
Sri Lanka,LKA,2016,4.435024
Sri Lanka,LKA,2017,4.2132993
Sri Lanka,LKA,2019,4.325
Sri Lanka,LKA,2020,4.3622
Sri Lanka,LKA,2021,4.4416
Sudan,SDN,2007,4.4549174
Sudan,SDN,2008,4.4351597
Sudan,SDN,2009,4.3144565
Sudan,SDN,2010,4.5504994
Sudan,SDN,2012,4.138673
Suriname,SUR,2010,6.2692866
Sweden,SWE,2003,7.3763156
Sweden,SWE,2005,7.2413626
Sweden,SWE,2006,7.5159974
Sweden,SWE,2007,7.2659774
Sweden,SWE,2008,7.496019
Sweden,SWE,2009,7.382232
Sweden,SWE,2010,7.560148
Sweden,SWE,2011,7.4340105
Sweden,SWE,2012,7.2391477
Sweden,SWE,2013,7.2889223
Sweden,SWE,2014,7.3687444
Sweden,SWE,2015,7.2868047
Sweden,SWE,2016,7.374792
Sweden,SWE,2017,7.3980927
Sweden,SWE,2018,7.314341
Sweden,SWE,2019,7.3627
Sweden,SWE,2020,7.3843
Sweden,SWE,2021,7.3952
Switzerland,CHE,2004,7.473253
Switzerland,CHE,2007,7.524521
Switzerland,CHE,2010,7.776209
Switzerland,CHE,2012,7.4928036
Switzerland,CHE,2013,7.572137
Switzerland,CHE,2014,7.45852
Switzerland,CHE,2015,7.473593
Switzerland,CHE,2016,7.508587
Switzerland,CHE,2017,7.694221
Switzerland,CHE,2018,7.5084352
Switzerland,CHE,2019,7.5715
Switzerland,CHE,2020,7.5116
Switzerland,CHE,2021,7.2401
Syria,SYR,2006,5.3233323
Syria,SYR,2007,4.9789705
Syria,SYR,2008,4.464708
Syria,SYR,2009,4.0378895
Syria,SYR,2010,3.1644912
Syria,SYR,2011,2.687553
Syria,SYR,2013,3.4619129
Taiwan,TWN,2004,6.18905
Taiwan,TWN,2006,5.5476823
Taiwan,TWN,2008,6.228531
Taiwan,TWN,2009,6.308915
Taiwan,TWN,2010,6.125917
Taiwan,TWN,2011,6.3403444
Taiwan,TWN,2012,6.363497
Taiwan,TWN,2013,6.450088
Taiwan,TWN,2014,6.5128508
Taiwan,TWN,2015,6.359451
Taiwan,TWN,2016,6.467005
Taiwan,TWN,2017,6.53709
Taiwan,TWN,2018,6.7510676
Taiwan,TWN,2019,6.5844
Taiwan,TWN,2020,6.5125
Taiwan,TWN,2021,6.5354
Tajikistan,TJK,2004,4.613099
Tajikistan,TJK,2005,4.4316087
Tajikistan,TJK,2006,5.063987
Tajikistan,TJK,2007,4.575175
Tajikistan,TJK,2008,4.380636
Tajikistan,TJK,2009,4.2626715
Tajikistan,TJK,2010,4.4965715
Tajikistan,TJK,2011,4.9665213
Tajikistan,TJK,2012,4.8961577
Tajikistan,TJK,2013,5.124211
Tajikistan,TJK,2014,5.103721
Tajikistan,TJK,2015,5.829234
Tajikistan,TJK,2016,5.497469
Tajikistan,TJK,2017,5.4640155
Tajikistan,TJK,2018,5.373399
Tajikistan,TJK,2019,5.4662
Tajikistan,TJK,2020,5.3771
Tajikistan,TJK,2021,5.3298
Tanzania,TZA,2004,3.9224842
Tanzania,TZA,2005,4.31795
Tanzania,TZA,2006,4.384742
Tanzania,TZA,2007,3.407508
Tanzania,TZA,2008,3.229129
Tanzania,TZA,2009,4.073562
Tanzania,TZA,2010,4.0068974
Tanzania,TZA,2011,3.8523948
Tanzania,TZA,2012,3.4832785
Tanzania,TZA,2013,3.6605973
Tanzania,TZA,2014,2.9027343
Tanzania,TZA,2015,3.3471212
Tanzania,TZA,2016,3.4450233
Tanzania,TZA,2017,3.6401548
Tanzania,TZA,2018,3.785684
Tanzania,TZA,2019,3.6232
Tanzania,TZA,2020,3.7024
Tanzania,TZA,2021,3.6938
Thailand,THA,2004,5.8854327
Thailand,THA,2005,5.783891
Thailand,THA,2006,5.6364713
Thailand,THA,2007,5.475645
Thailand,THA,2008,6.216703
Thailand,THA,2009,6.663609
Thailand,THA,2010,6.3002353
Thailand,THA,2011,6.2310247
Thailand,THA,2012,6.9854636
Thailand,THA,2013,6.2017627
Thailand,THA,2014,6.07364
Thailand,THA,2015,5.938895
Thailand,THA,2016,6.011562
Thailand,THA,2017,6.0221515
Thailand,THA,2018,5.8845444
Thailand,THA,2019,5.9847
Thailand,THA,2020,5.8912
Thailand,THA,2021,5.843
Togo,TGO,2004,3.2024293
Togo,TGO,2006,2.8078551
Togo,TGO,2009,2.936221
Togo,TGO,2012,2.8389587
Togo,TGO,2013,3.768302
Togo,TGO,2014,3.8785784
Togo,TGO,2015,4.360805
Togo,TGO,2016,4.022895
Togo,TGO,2017,4.179494
Togo,TGO,2019,4.1068
Togo,TGO,2020,4.1123
Togo,TGO,2021,4.1374
Trinidad and Tobago,TTO,2004,5.8321886
Trinidad and Tobago,TTO,2006,6.696444
Trinidad and Tobago,TTO,2009,6.518746
Trinidad and Tobago,TTO,2011,6.167707
Trinidad and Tobago,TTO,2015,6.1918597
Tunisia,TUN,2007,5.0254703
Tunisia,TUN,2008,5.130521
Tunisia,TUN,2009,4.876482
Tunisia,TUN,2010,4.463531
Tunisia,TUN,2011,5.245605
Tunisia,TUN,2012,4.7635946
Tunisia,TUN,2013,5.131612
Tunisia,TUN,2014,4.5214534
Tunisia,TUN,2015,4.124343
Tunisia,TUN,2016,4.7411323
Tunisia,TUN,2017,4.3154798
Tunisia,TUN,2018,4.730811
Tunisia,TUN,2019,4.5965
Tunisia,TUN,2020,4.516
Tunisia,TUN,2021,4.4967
Turkey,TUR,2003,4.718734
Turkey,TUR,2005,5.6234717
Turkey,TUR,2006,5.118232
Turkey,TUR,2007,5.2128415
Turkey,TUR,2008,5.4903474
Turkey,TUR,2009,5.271944
Turkey,TUR,2010,5.3090763
Turkey,TUR,2011,4.8881774
Turkey,TUR,2012,5.5797944
Turkey,TUR,2013,5.5144653
Turkey,TUR,2014,5.326222
Turkey,TUR,2015,5.607262
Turkey,TUR,2016,5.1856894
Turkey,TUR,2017,4.8720737
Turkey,TUR,2018,4.861554
Turkey,TUR,2019,4.9476
Turkey,TUR,2020,4.7442
Turkey,TUR,2021,4.6135
Turkmenistan,TKM,2007,6.5677133
Turkmenistan,TKM,2009,5.7917547
Turkmenistan,TKM,2010,5.463827
Turkmenistan,TKM,2011,5.3917627
Turkmenistan,TKM,2012,5.7873793
Turkmenistan,TKM,2013,5.79146
Turkmenistan,TKM,2014,5.8870516
Turkmenistan,TKM,2015,5.229149
Turkmenistan,TKM,2016,4.6206017
Turkmenistan,TKM,2017,5.4743
Turkmenistan,TKM,2019,5.0664
Turkmenistan,TKM,2020,5.4743
Uganda,UGA,2004,3.733584
Uganda,UGA,2005,4.4558387
Uganda,UGA,2006,4.5686193
Uganda,UGA,2007,4.6119857
Uganda,UGA,2008,4.192882
Uganda,UGA,2009,4.826001
Uganda,UGA,2010,4.309238
Uganda,UGA,2011,3.7095788
Uganda,UGA,2012,3.7699192
Uganda,UGA,2013,4.2376866
Uganda,UGA,2014,4.233261
Uganda,UGA,2015,4.000517
Uganda,UGA,2016,4.321715
Uganda,UGA,2017,4.9480515
Uganda,UGA,2018,4.6409097
Uganda,UGA,2019,4.6365
Uganda,UGA,2020,4.6026
Uganda,UGA,2021,4.4325
Ukraine,UKR,2004,4.803954
Ukraine,UKR,2005,5.2521815
Ukraine,UKR,2006,5.1723804
Ukraine,UKR,2007,5.1656394
Ukraine,UKR,2008,5.0575614
Ukraine,UKR,2009,5.0831327
Ukraine,UKR,2010,5.030342
Ukraine,UKR,2011,4.7108026
Ukraine,UKR,2012,4.29733
Ukraine,UKR,2013,3.9645429
Ukraine,UKR,2014,4.0286903
Ukraine,UKR,2015,4.311067
Ukraine,UKR,2016,4.661909
Ukraine,UKR,2017,4.701762
Ukraine,UKR,2018,5.2696757
Ukraine,UKR,2019,4.8748
Ukraine,UKR,2020,5.0841
Ukraine,UKR,2021,5.0714
United Arab Emirates,ARE,2004,6.734222
United Arab Emirates,ARE,2007,6.8660626
United Arab Emirates,ARE,2008,7.0974555
United Arab Emirates,ARE,2009,7.1187015
United Arab Emirates,ARE,2010,7.217767
United Arab Emirates,ARE,2011,6.620951
United Arab Emirates,ARE,2012,6.5398545
United Arab Emirates,ARE,2013,6.5683975
United Arab Emirates,ARE,2014,6.8309503
United Arab Emirates,ARE,2015,7.0394197
United Arab Emirates,ARE,2016,6.6037436
United Arab Emirates,ARE,2017,6.7107825
United Arab Emirates,ARE,2018,6.458392
United Arab Emirates,ARE,2019,6.5605
United Arab Emirates,ARE,2020,6.576
United Arab Emirates,ARE,2021,6.5712
United Kingdom,GBR,2003,6.9835567
United Kingdom,GBR,2005,6.801931
United Kingdom,GBR,2006,6.9864635
United Kingdom,GBR,2007,6.906547
United Kingdom,GBR,2008,7.029364
United Kingdom,GBR,2009,6.869249
United Kingdom,GBR,2010,6.880784
United Kingdom,GBR,2011,6.918055
United Kingdom,GBR,2012,6.7581477
United Kingdom,GBR,2013,6.515445
United Kingdom,GBR,2014,6.8242836
United Kingdom,GBR,2015,7.1032734
United Kingdom,GBR,2016,7.233445
United Kingdom,GBR,2017,7.157151
United Kingdom,GBR,2018,6.7981772
United Kingdom,GBR,2019,7.0636
United Kingdom,GBR,2020,6.9425
United Kingdom,GBR,2021,6.7956
United States,USA,2004,7.1817937
United States,USA,2005,7.5126877
United States,USA,2006,7.280386
United States,USA,2007,7.1580324
United States,USA,2008,7.163616
United States,USA,2009,7.1151385
United States,USA,2010,7.026227
United States,USA,2011,7.249285
United States,USA,2012,7.1511145
United States,USA,2013,6.863947
United States,USA,2014,6.8036
United States,USA,2015,6.9917593
United States,USA,2016,6.8826847
United States,USA,2017,6.9437013
United States,USA,2018,7.028088
United States,USA,2019,6.9515
United States,USA,2020,6.9768
United States,USA,2021,6.8937
Uruguay,URY,2004,5.785868
Uruguay,URY,2005,5.693946
Uruguay,URY,2006,5.66387
Uruguay,URY,2007,6.2962227
Uruguay,URY,2008,6.062011
Uruguay,URY,2009,6.554047
Uruguay,URY,2010,6.4497285
Uruguay,URY,2011,6.4444647
Uruguay,URY,2012,6.561444
Uruguay,URY,2013,6.6280804
Uruguay,URY,2014,6.1714854
Uruguay,URY,2015,6.33601
Uruguay,URY,2016,6.3717146
Uruguay,URY,2017,6.600337
Uruguay,URY,2018,6.3096814
Uruguay,URY,2019,6.4314
Uruguay,URY,2020,6.4736
Uruguay,URY,2021,6.4939
Uzbekistan,UZB,2004,5.232322
Uzbekistan,UZB,2006,5.3113685
Uzbekistan,UZB,2007,5.2607207
Uzbekistan,UZB,2008,5.095342
Uzbekistan,UZB,2009,5.7387443
Uzbekistan,UZB,2010,6.019332
Uzbekistan,UZB,2011,5.939986
Uzbekistan,UZB,2012,6.0492125
Uzbekistan,UZB,2013,5.9723644
Uzbekistan,UZB,2014,5.892539
Uzbekistan,UZB,2015,6.4214478
Uzbekistan,UZB,2016,6.20546
Uzbekistan,UZB,2017,6.1540494
Uzbekistan,UZB,2019,6.1788
Uzbekistan,UZB,2020,6.0627
Uzbekistan,UZB,2021,6.0143
Venezuela,VEN,2003,7.169621
Venezuela,VEN,2004,6.525146
Venezuela,VEN,2006,6.2577715
Venezuela,VEN,2007,7.188803
Venezuela,VEN,2008,7.4784546
Venezuela,VEN,2009,6.579789
Venezuela,VEN,2010,7.0665774
Venezuela,VEN,2011,6.5527964
Venezuela,VEN,2012,6.1360965
Venezuela,VEN,2013,5.5688004
Venezuela,VEN,2014,4.041115
Venezuela,VEN,2015,5.0707507
Venezuela,VEN,2016,5.0056634
Venezuela,VEN,2017,5.0808034
Venezuela,VEN,2018,4.5738297
Venezuela,VEN,2019,4.8922
Venezuela,VEN,2020,4.9255
Venezuela,VEN,2021,5.2106
Vietnam,VNM,2004,5.2936597
Vietnam,VNM,2005,5.4216876
Vietnam,VNM,2006,5.4804254
Vietnam,VNM,2007,5.3042645
Vietnam,VNM,2008,5.2957807
Vietnam,VNM,2009,5.7673445
Vietnam,VNM,2010,5.5345697
Vietnam,VNM,2011,5.022699
Vietnam,VNM,2012,5.0849233
Vietnam,VNM,2013,5.0763154
Vietnam,VNM,2014,5.0622673
Vietnam,VNM,2015,5.1752787
Vietnam,VNM,2016,5.295547
Vietnam,VNM,2017,5.467451
Vietnam,VNM,2019,5.4108
Vietnam,VNM,2020,5.485
Vietnam,VNM,2021,5.7633
Yemen,YEM,2005,4.477133
Yemen,YEM,2007,4.809259
Yemen,YEM,2008,4.3503127
Yemen,YEM,2009,3.7462556
Yemen,YEM,2010,4.0606008
Yemen,YEM,2011,4.2176785
Yemen,YEM,2012,3.967958
Yemen,YEM,2013,2.982674
Yemen,YEM,2014,3.825631
Yemen,YEM,2015,3.25356
Yemen,YEM,2016,3.057514
Yemen,YEM,2017,4.196913
Yemen,YEM,2019,3.6579
Yemen,YEM,2020,4.1969
Zambia,ZMB,2004,4.824455
Zambia,ZMB,2005,3.9982932
Zambia,ZMB,2006,4.730263
Zambia,ZMB,2007,5.2603607
Zambia,ZMB,2009,4.9991136
Zambia,ZMB,2010,5.013375
Zambia,ZMB,2011,5.2439957
Zambia,ZMB,2012,4.345837
Zambia,ZMB,2013,4.8431644
Zambia,ZMB,2014,4.3475437
Zambia,ZMB,2015,3.9327774
Zambia,ZMB,2016,4.041488
Zambia,ZMB,2017,3.3067966
Zambia,ZMB,2018,4.837992
Zambia,ZMB,2019,4.0734
Zambia,ZMB,2020,3.7598
Zambia,ZMB,2021,3.9822
Zimbabwe,ZWE,2004,3.8262684
Zimbabwe,ZWE,2005,3.2802467
Zimbabwe,ZWE,2006,3.1742637
Zimbabwe,ZWE,2007,4.0559144
Zimbabwe,ZWE,2008,4.6815696
Zimbabwe,ZWE,2009,4.8456416
Zimbabwe,ZWE,2010,4.9551005
Zimbabwe,ZWE,2011,4.690188
Zimbabwe,ZWE,2012,4.1844506
Zimbabwe,ZWE,2013,3.7031913
Zimbabwe,ZWE,2014,3.7354002
Zimbabwe,ZWE,2015,3.6383002
Zimbabwe,ZWE,2016,3.6164799
Zimbabwe,ZWE,2017,2.6935232
Zimbabwe,ZWE,2018,3.1598022
Zimbabwe,ZWE,2019,3.1448
Zimbabwe,ZWE,2020,2.9951
Zimbabwe,ZWE,2021,3.2035