中文名,英文名,日文名,属性,生蛋区,特性,隐藏特性,面板
妙蛙种子,Bulbasaur,フシギダネ,"['草', '毒']","['怪兽', '植物']","['锐利目光', '蹒跚']",叶绿素,"[45, 49, 49, 65, 65, 45]"
妙蛙草,Ivysaur,フシギソウ,"['草', '毒']","['怪兽', '植物']","['锐利目光', '蹒跚']",叶绿素,"[60, 62, 63, 80, 80, 60]"
妙蛙花,Venusaur,フシギバナ,"['草', '毒']","['怪兽', '植物']","['锐利目光', '蹒跚']",叶绿素,"[80, 82, 83, 100, 100, 80]"
小火龙,Charmander,ヒトカゲ,['火'],"['怪兽', '飞龙']","['逃跑', '毅力']",太阳之力,"[39, 52, 43, 60, 50, 65]"
火恐龙,Charmeleon,リザード,['火'],"['怪兽', '飞龙']","['逃跑', '毅力']",太阳之力,"[58, 64, 58, 80, 65, 80]"
喷火龙,Charizard,リザードン,"['火', '飞行']","['怪兽', '飞龙']","['威吓', '蜕皮']",太阳之力,"[78, 84, 78, 109, 85, 100]"
杰尼龟,Squirtle,ゼニガメ,['水'],"['怪兽', '水中1']","['威吓', '蜕皮']",雨盘,"[44, 48, 65, 50, 64, 43]"
卡咪龟,Wartortle,カメール,['水'],"['怪兽', '水中1']","['毒刺', '斗争心']",雨盘,"[59, 63, 80, 65, 80, 58]"
水箭龟,Blastoise,カメックス,['水'],"['怪兽', '水中1']","['毒刺', '斗争心']",雨盘,"[79, 83, 100, 85, 105, 78]"
绿毛虫,Caterpie,キャタピー,['虫'],"['陆上', '飞龙']","['毒刺', '斗争心']",逃跑,"[45, 30, 35, 20, 20, 45]"
铁甲蛹,Metapod,トランセル,['虫'],"['陆上', '飞龙']","['毒刺', '斗争心']",-,"[50, 20, 55, 25, 25, 30]"
巴大蝶,Butterfree,バタフリー,"['虫', '飞行']","['陆上', '妖精']","['毒刺', '斗争心']",有色眼镜,"[60, 45, 50, 90, 80, 70]"
独角虫,Weedle,ビードル,"['虫', '毒']","['陆上', '妖精']","['毒刺', '斗争心']",逃跑,"[40, 35, 30, 20, 20, 50]"
铁壳蛹,Kakuna,コクーン,"['虫', '毒']","['怪兽', '陆上']","['迷人之躯', '魔法防守']",-,"[45, 25, 50, 25, 25, 35]"
大针蜂,Beedrill,スピアー,"['虫', '毒']","['怪兽', '陆上']","['迷人之躯', '魔法防守']",狙击手,"[65, 90, 40, 45, 80, 75]"
波波,Pidgey,ポッポ,"['一般', '飞行']","['怪兽', '陆上']","['迷人之躯', '好胜']",健壮胸肌,"[40, 45, 40, 35, 35, 56]"
比比鸟,Pidgeotto,ピジョン,"['一般', '飞行']","['怪兽', '陆上']","['迷人之躯', '好胜']",健壮胸肌,"[63, 60, 55, 50, 50, 71]"
大比鸟,Pidgeot,ピジョット,"['一般', '飞行']","['昆虫', '植物']","['孢子', '干燥皮肤']",健壮胸肌,"[83, 80, 75, 70, 70, 101]"
小拉达,Rattata,コラッタ,['一般'],"['昆虫', '植物']","['孢子', '干燥皮肤']",活力,"[30, 56, 35, 25, 35, 72]"
拉达,Raticate,ラッタ,['一般'],"['水中1', '陆上']","['复眼', '有色眼镜']",活力,"[55, 81, 60, 50, 70, 97]"
烈雀,Spearow,オニスズメ,"['一般', '飞行']","['水中1', '陆上']","['鳞粉', '有色眼镜']",狙击手,"[40, 60, 30, 31, 31, 70]"
大嘴雀,Fearow,オニドリル,"['一般', '飞行']","['怪兽', '水中1']","['沙隐', '沙穴']",狙击手,"[65, 90, 65, 61, 61, 100]"
阿柏蛇,Ekans,アーボ,['毒'],"['怪兽', '水中1']","['沙隐', '沙穴']",紧张感,"[35, 60, 44, 40, 54, 55]"
阿柏怪,Arbok,アーボック,['毒'],"['飞行', '陆上']","['捡拾', '技术高手']",紧张感,"[60, 95, 69, 65, 79, 80]"
皮卡丘,Pikachu,ピカチュウ,['电'],"['水中1', '陆上']","['柔软', '技术高手']",避雷针,"[35, 55, 40, 50, 50, 90]"
雷丘,Raichu,ライチュウ,['电'],"['水中1', '陆上']","['湿气', '无关天气']",避雷针,"[60, 90, 55, 90, 80, 110]"
穿山鼠,Sandshrew,サンド,['地面'],"['怪兽', '陆上']","['湿气', '无关天气']",拨沙,"[50, 75, 85, 20, 30, 40]"
穿山王,Sandslash,サンドパン,['地面'],"['怪兽', '陆上']","['干劲', '愤怒穴位']",拨沙,"[75, 100, 110, 45, 55, 65]"
尼多兰,Nidoran♀,ニドラン,['毒'],"['水中1', '飞龙']","['干劲', '愤怒穴位']",活力,"[55, 47, 52, 40, 40, 41]"
尼多娜,Nidorina,ニドリーナ,['毒'],"['水中1', '飞龙']","['威吓', '引火']",活力,"[70, 62, 67, 55, 55, 56]"
尼多后,Nidoqueen,ニドクイン,"['毒', '地面']","['水中2', '飞龙']","['威吓', '引火']",强行,"[90, 92, 87, 75, 85, 76]"
尼多朗,Nidoran♂,ニドラン,['毒'],"['水中2', '飞龙']","['储水', '湿气']",活力,"[46, 57, 40, 40, 40, 50]"
尼多力诺,Nidorino,ニドリーノ,['毒'],"['怪兽', '水中1']","['储水', '湿气']",活力,"[61, 72, 57, 55, 55, 65]"
尼多王,Nidoking,ニドキング,"['毒', '地面']","['水中1', '水中3']","['储水', '湿气']",强行,"[81, 102, 77, 85, 75, 85]"
皮皮,Clefairy,ピッピ,['妖精'],"['水中1', '水中3']","['同步', '精神力']",友情防守,"[70, 45, 48, 60, 65, 35]"
皮可西,Clefable,ピクシー,['妖精'],"['水中1', '水中3']","['同步', '精神力']",纯朴,"[95, 70, 73, 95, 90, 60]"
六尾,Vulpix,ロコン,['火'],"['水中1', '水中3']","['同步', '精神力']",日照,"[38, 41, 40, 50, 65, 65]"
九尾,Ninetales,キュウコン,['火'],"['水中1', '飞龙']","['毅力', '无防守']",日照,"[73, 76, 75, 81, 100, 100]"
胖丁,Jigglypuff,プリン,"['一般', '妖精']","['水中1', '飞龙']","['毅力', '无防守']",友情防守,"[115, 45, 20, 45, 25, 20]"
胖可丁,Wigglytuff,プクリン,"['一般', '妖精']","['水中1', '飞龙']","['毅力', '无防守']",察觉,"[140, 70, 45, 85, 50, 45]"
超音蝠,Zubat,ズバット,"['毒', '飞行']","['怪兽', '植物']","['恒净之躯', '污泥浆']",穿透,"[40, 45, 35, 30, 40, 55]"
大嘴蝠,Golbat,ゴルバット,"['毒', '飞行']","['怪兽', '植物']","['恒净之躯', '污泥浆']",穿透,"[75, 80, 70, 65, 75, 90]"
走路草,Oddish,ナゾノクサ,"['草', '毒']","['怪兽', '植物']","['坚硬脑袋', '结实']",逃跑,"[45, 50, 55, 75, 65, 30]"
臭臭花,Gloom,クサイハナ,"['草', '毒']","['怪兽', '水中1']","['坚硬脑袋', '结实']",恶臭,"[60, 65, 70, 85, 75, 40]"
霸王花,Vileplume,ラフレシア,"['草', '毒']","['怪兽', '水中1']","['坚硬脑袋', '结实']",孢子,"[75, 80, 85, 110, 90, 50]"
派拉斯,Paras,パラス,"['虫', '草']","['怪兽', '水中1']","['逃跑', '引火']",湿气,"[35, 70, 55, 45, 55, 25]"
派拉斯特,Parasect,パラセクト,"['虫', '草']","['飞行', '妖精']","['逃跑', '引火']",湿气,"[60, 95, 80, 60, 80, 30]"
毛球,Venonat,コンパン,"['虫', '毒']","['怪兽', '陆上']","['迟钝', '我行我素']",逃跑,"[60, 55, 50, 40, 55, 45]"
摩鲁蛾,Venomoth,モルフォン,"['虫', '毒']","['怪兽', '陆上']","['迟钝', '我行我素']",奇迹皮肤,"[70, 65, 60, 90, 75, 90]"
地鼠,Diglett,ディグダ,['地面'],"['怪兽', '陆上']","['磁力', '结实']",沙之力,"[10, 55, 25, 35, 45, 95]"
三地鼠,Dugtrio,ダグトリオ,['地面'],"['水中1', '妖精']","['磁力', '结实']",沙之力,"[35, 100, 50, 50, 70, 120]"
喵喵,Meowth,ニャース,['一般'],"['水中1', '妖精']","['锐利目光', '精神力']",紧张感,"[40, 45, 35, 40, 40, 90]"
猫老大,Persian,ペルシアン,['一般'],"['妖精', '植物']","['逃跑', '早起']",紧张感,"[65, 70, 60, 65, 65, 115]"
可达鸭,Psyduck,コダック,['水'],"['妖精', '植物']","['逃跑', '早起']",悠游自如,"[50, 52, 48, 65, 50, 55]"
哥达鸭,Golduck,ゴルダック,['水'],"['妖精', '植物']","['厚脂肪', '湿润之躯']",悠游自如,"[80, 82, 78, 95, 80, 85]"
猴怪,Mankey,マンキー,['格斗'],"['水中1', '陆上']","['厚脂肪', '湿润之躯']",不服输,"[40, 80, 35, 35, 45, 70]"
火暴猴,Primeape,オコリザル,['格斗'],"['水中1', '陆上']","['恶臭', '黏着']",不服输,"[65, 105, 60, 60, 70, 95]"
卡蒂狗,Growlithe,ガーディ,['火'],"['怪兽', '水中1']","['恶臭', '黏着']",正义之心,"[55, 70, 45, 70, 50, 60]"
风速狗,Arcanine,ウインディ,['火'],"['陆上', '妖精']","['硬壳盔甲', '连续攻击']",正义之心,"[90, 110, 80, 100, 80, 95]"
蚊香蝌蚪,Poliwag,ニョロモ,['水'],"['陆上', '妖精']","['硬壳盔甲', '连续攻击']",悠游自如,"[40, 50, 40, 40, 40, 90]"
蚊香君,Poliwhirl,ニョロゾ,['水'],"['水中1', '水中3']","['坚硬脑袋', '结实']",悠游自如,"[65, 65, 65, 50, 50, 90]"
蚊香泳士,Poliwrath,ニョロボン,"['水', '格斗']","['水中1', '水中2']","['不眠', '预知梦']",悠游自如,"[90, 95, 95, 70, 90, 70]"
凯西,Abra,ケーシィ,['超能'],"['水中1', '水中2']","['不眠', '预知梦']",魔法防守,"[25, 20, 15, 105, 55, 90]"
勇基拉,Kadabra,ユンゲラー,['超能'],"['水中1', '陆上']","['怪力钳', '硬壳盔甲']",魔法防守,"[40, 35, 30, 120, 70, 105]"
胡地,Alakazam,フーディン,['超能'],"['水中1', '飞龙']","['怪力钳', '硬壳盔甲']",魔法防守,"[55, 50, 45, 135, 95, 120]"
腕力,Machop,ワンリキー,['格斗'],"['怪兽', '飞龙']","['隔音', '静电']",不屈之心,"[70, 80, 50, 35, 35, 35]"
豪力,Machoke,ゴーリキー,['格斗'],"['怪兽', '飞龙']","['隔音', '静电']",不屈之心,"[80, 100, 70, 50, 60, 45]"
怪力,Machamp,カイリキー,['格斗'],"['怪兽', '飞龙']","['坚硬脑袋', '避雷针']",不屈之心,"[90, 130, 80, 65, 85, 55]"
喇叭芽,Bellsprout,マダツボミ,"['草', '毒']","['怪兽', '水中1']","['坚硬脑袋', '避雷针']",贪吃鬼,"[50, 75, 35, 70, 30, 40]"
口呆花,Weepinbell,ウツドン,"['草', '毒']","['怪兽', '水中1']","['柔软', '舍身']",贪吃鬼,"[65, 90, 50, 85, 45, 55]"
大食花,Victreebel,ウツボット,"['草', '毒']","['怪兽', '水中1']","['锐利目光', '铁拳']",贪吃鬼,"[80, 105, 65, 100, 70, 70]"
玛瑙水母,Tentacool,メノクラゲ,"['水', '毒']","['水中1', '植物']","['我行我素', '迟钝']",雨盘,"[40, 40, 35, 50, 100, 70]"
毒刺水母,Tentacruel,ドククラゲ,"['水', '毒']","['水中1', '植物']","['飘浮', '化学变化气体']",雨盘,"[80, 70, 65, 80, 120, 100]"
小拳石,Geodude,イシツブテ,"['岩石', '地面']","['水中1', '植物']","['飘浮', '化学变化气体']",沙隐,"[40, 80, 100, 30, 30, 20]"
隆隆石,Graveler,ゴローン,"['岩石', '地面']","['陆上', '植物']","['避雷针', '坚硬脑袋']",沙隐,"[55, 95, 115, 45, 45, 35]"
隆隆岩,Golem,ゴローニャ,"['岩石', '地面']","['陆上', '植物']","['避雷针', '坚硬脑袋']",沙隐,"[80, 120, 130, 55, 65, 45]"
小火马,Ponyta,ポニータ,['火'],"['陆上', '植物']","['自然回复', '天恩']",火焰之躯,"[50, 85, 55, 65, 65, 90]"
烈焰马,Rapidash,ギャロップ,['火'],"['水中1', '飞行']","['叶绿素', '叶子防守']",火焰之躯,"[65, 100, 70, 80, 80, 105]"
呆呆兽,Slowpoke,ヤドン,"['水', '超能']","['水中1', '飞行']","['早起', '胆量']",再生力,"[90, 65, 65, 40, 40, 15]"
呆壳兽,Slowbro,ヤドラン,"['水', '超能']","['人形', '不定形']","['悠游自如', '狙击手']",再生力,"[95, 75, 110, 100, 80, 30]"
小磁怪,Magnemite,コイル,"['电', '钢']","['人形', '不定形']","['毒刺', '狙击手']",分析,"[25, 35, 70, 95, 55, 45]"
三合一磁怪,Magneton,レアコイル,"['电', '钢']","['人形', '不定形']","['悠游自如', '水幕']",分析,"[50, 60, 95, 120, 70, 70]"
大葱鸭,Farfetch’d,カモネギ,"['一般', '飞行']","['水中1', '昆虫']","['悠游自如', '水幕']",不服输,"[52, 90, 55, 58, 62, 60]"
嘟嘟,Doduo,ドードー,"['一般', '飞行']","['水中1', '昆虫']","['发光', '自然回复']",蹒跚,"[35, 85, 45, 35, 35, 75]"
嘟嘟利,Dodrio,ドードリオ,"['一般', '飞行']","['妖精', '植物']","['发光', '自然回复']",蹒跚,"[60, 110, 70, 60, 60, 110]"
小海狮,Seel,パウワウ,['水'],"['妖精', '植物']","['隔音', '过滤']",冰冻之躯,"[65, 45, 55, 45, 70, 45]"
白海狮,Dewgong,ジュゴン,"['水', '冰']","['怪兽', '陆上']","['虫之预感', '技术高手']",冰冻之躯,"[90, 70, 80, 70, 95, 70]"
臭泥,Grimer,ベトベター,['毒'],"['怪兽', '陆上']","['迟钝', '预知梦']",毒手,"[80, 80, 50, 40, 50, 25]"
臭臭泥,Muk,ベトベトン,['毒'],"['怪兽', '陆上']","['怪力钳', '破格']",毒手,"[105, 105, 75, 65, 100, 50]"
大舌贝,Shellder,シェルダー,['水'],"['陆上', '妖精']","['威吓', '愤怒穴位']",防尘,"[30, 65, 100, 45, 25, 40]"
刺甲贝,Cloyster,パルシェン,"['水', '冰']","['陆上', '妖精']","['储水', '硬壳盔甲']",防尘,"[50, 95, 180, 85, 45, 70]"
鬼斯,Gastly,ゴース,"['幽灵', '毒']","['陆上', '妖精']","['逃跑', '适应力']",-,"[30, 35, 30, 100, 35, 80]"
鬼斯通,Haunter,ゴースト,"['幽灵', '毒']","['昆虫', '人形']","['复制', '下载']",-,"[45, 50, 45, 115, 55, 95]"
耿鬼,Gengar,ゲンガー,"['幽灵', '毒']","['昆虫', '人形']","['悠游自如', '硬壳盔甲']",-,"[60, 65, 60, 130, 75, 110]"
大岩蛇,Onix,イワーク,"['岩石', '地面']","['妖精', '植物']","['悠游自如', '硬壳盔甲']",碎裂铠甲,"[35, 45, 160, 30, 45, 70]"
催眠貘,Drowzee,スリープ,['超能'],"['陆上', '水中2']","['悠游自如', '战斗盔甲']",精神力,"[60, 48, 45, 43, 90, 42]"
引梦貘人,Hypno,スリーパー,['超能'],"['陆上', '水中2']","['悠游自如', '战斗盔甲']",精神力,"[85, 73, 70, 73, 115, 67]"
大钳蟹,Krabby,クラブ,['水'],"['陆上', '人形']","['坚硬脑袋', '压迫感']",强行,"[30, 105, 90, 25, 25, 50]"
巨钳蟹,Kingler,キングラー,['水'],"['昆虫', '飞龙']","['免疫', '厚脂肪']",强行,"[55, 130, 115, 50, 50, 75]"
霹雳电球,Voltorb,ビリリダマ,['电'],"['昆虫', '飞龙']","['逃跑', '锐利目光']",引爆,"[40, 30, 50, 55, 55, 100]"
顽皮雷弹,Electrode,マルマイン,['电'],"['昆虫', '飞龙']","['逃跑', '锐利目光']",引爆,"[60, 50, 70, 80, 80, 150]"
蛋蛋,Exeggcute,タマタマ,"['草', '超能']","['植物', '人形']","['不眠', '锐利目光']",收获,"[60, 40, 80, 60, 45, 40]"
椰蛋树,Exeggutor,ナッシー,"['草', '超能']","['植物', '人形']","['不眠', '锐利目光']",收获,"[95, 95, 85, 125, 75, 55]"
卡拉卡拉,Cubone,カラカラ,['地面'],"['飞行', '飞龙']","['虫之预感', '早起']",战斗盔甲,"[50, 50, 95, 40, 50, 35]"
嘎啦嘎啦,Marowak,ガラガラ,['地面'],"['飞行', '飞龙']","['虫之预感', '早起']",战斗盔甲,"[60, 80, 110, 50, 80, 45]"
飞腿郎,Hitmonlee,サワムラー,['格斗'],"['陆上', '飞龙']","['虫之预感', '不眠']",轻装,"[50, 120, 53, 35, 110, 87]"
快拳郎,Hitmonchan,エビワラー,['格斗'],"['水中1', '水中3']","['虫之预感', '不眠']",精神力,"[50, 105, 79, 35, 110, 76]"
大舌头,Lickitung,ベロリンガ,['一般'],"['水中1', '水中3']","['蓄电', '发光']",无关天气,"[90, 55, 75, 60, 75, 30]"
瓦斯弹,Koffing,ドガース,['毒'],"['水中1', '飞龙']","['蓄电', '发光']",恶臭,"[40, 65, 95, 60, 45, 35]"
双弹瓦斯,Weezing,マタドガス,['毒'],"['水中1', '飞龙']","['迷人之躯', '魔法防守']",恶臭,"[65, 90, 120, 85, 70, 60]"
独角犀牛,Rhyhorn,サイホーン,"['地面', '岩石']","['妖精', '不定形']","['迷人之躯', '好胜']",舍身,"[80, 85, 95, 30, 30, 25]"
钻角犀兽,Rhydon,サイドン,"['地面', '岩石']","['怪兽', '植物']","['活力', '天恩']",舍身,"[105, 130, 120, 45, 45, 40]"
吉利蛋,Chansey,ラッキー,['一般'],"['妖精', '矿物']","['活力', '天恩']",治愈之心,"[250, 5, 5, 35, 105, 50]"
蔓藤怪,Tangela,モンジャラ,['草'],"['妖精', '矿物']","['同步', '早起']",再生力,"[65, 55, 115, 100, 40, 60]"
袋兽,Kangaskhan,ガルーラ,['一般'],"['水中1', '陆上']","['同步', '早起']",精神力,"[105, 95, 80, 40, 80, 90]"
墨海马,Horsea,タッツー,['水'],"['水中1', '陆上']","['厚脂肪', '大力士']",湿气,"[30, 40, 70, 70, 25, 60]"
海刺龙,Seadra,シードラ,['水'],"['水中1', '陆上']","['厚脂肪', '大力士']",湿气,"[55, 65, 95, 95, 45, 85]"
角金鱼,Goldeen,トサキント,['水'],"['水中1', '水中2']","['结实', '坚硬脑袋']",避雷针,"[45, 67, 60, 35, 50, 63]"
金鱼王,Seaking,アズマオウ,['水'],"['怪兽', '植物']","['储水', '湿气']",避雷针,"[80, 92, 65, 65, 80, 68]"
海星星,Staryu,ヒトデマン,['水'],"['怪兽', '植物']","['叶绿素', '叶子防守']",分析,"[30, 45, 55, 70, 55, 85]"
宝石海星,Starmie,スターミー,"['水', '超能']","['怪兽', '植物']","['叶绿素', '叶子防守']",分析,"[60, 75, 85, 100, 85, 115]"
魔墙人偶,Mr. Mime,バリヤード,"['超能', '妖精']","['陆上', '人形']","['叶绿素', '叶子防守']",技术高手,"[40, 45, 65, 100, 120, 90]"
飞天螳螂,Scyther,ストライク,"['虫', '飞行']","['陆上', '人形']","['逃跑', '捡拾']",不屈之心,"[70, 110, 80, 55, 80, 105]"
迷唇姐,Jynx,ルージュラ,"['冰', '超能']","['陆上', '人形']","['叶绿素', '太阳之力']",干燥皮肤,"[65, 50, 35, 115, 95, 95]"
电击兽,Electabuzz,エレブー,['电'],"['水中1', '陆上']","['叶绿素', '太阳之力']",干劲,"[65, 83, 57, 95, 85, 105]"
鸭嘴火兽,Magmar,ブーバー,['火'],"['水中1', '陆上']","['加速', '复眼']",干劲,"[65, 95, 57, 100, 85, 93]"
凯罗斯,Pinsir,カイロス,['虫'],"['水中1', '陆上']","['湿气', '储水']",自信过度,"[65, 125, 100, 55, 70, 85]"
肯泰罗,Tauros,ケンタロス,['一般'],"['水中1', '陆上']","['湿气', '储水']",强行,"[75, 100, 95, 40, 70, 110]"
鲤鱼王,Magikarp,コイキング,['水'],"['水中1', '陆上']","['不眠', '超幸运']",胆怯,"[20, 10, 55, 15, 20, 80]"
暴鲤龙,Gyarados,ギャラドス,"['水', '飞行']","['妖精', '植物']","['迟钝', '我行我素']",自信过度,"[95, 125, 79, 60, 100, 81]"
拉普拉斯,Lapras,ラプラス,"['水', '冰']","['陆上', '妖精']","['精神力', '早起']",湿润之躯,"[130, 85, 80, 85, 95, 60]"
百变怪,Ditto,メタモン,['一般'],"['水中1', '陆上']","['天恩', '逃跑']",变身者,"[48, 48, 48, 48, 48, 48]"
伊布,Eevee,イーブイ,['一般'],"['水中1', '陆上']","['怪力钳', '沙隐']",危险预知,"[55, 55, 50, 45, 65, 55]"
水伊布,Vaporeon,シャワーズ,['水'],"['妖精', '植物']","['坚硬脑袋', '结实']",湿润之躯,"[130, 65, 60, 110, 95, 65]"
雷伊布,Jolteon,サンダース,['电'],"['妖精', '植物']","['威吓', '逃跑']",飞毛腿,"[65, 65, 60, 110, 95, 130]"
火伊布,Flareon,ブースター,['火'],"['水中1', '不定形']","['威吓', '飞毛腿']",毅力,"[65, 130, 60, 95, 110, 65]"
多边兽,Porygon,ポリゴン,['一般'],"['水中1', '不定形']","['毒刺', '悠游自如']",分析,"[65, 60, 70, 85, 75, 40]"
菊石兽,Omanyte,オムナイト,"['岩石', '水']","['陆上', '人形']","['虫之预感', '技术高手']",碎裂铠甲,"[35, 40, 100, 90, 55, 35]"
多刺菊石兽,Omastar,オムスター,"['岩石', '水']","['陆上', '人形']","['结实', '贪吃鬼']",碎裂铠甲,"[70, 60, 125, 115, 70, 55]"
化石盔,Kabuto,カブト,"['岩石', '水']","['怪兽', '飞龙']","['虫之预感', '毅力']",碎裂铠甲,"[30, 80, 90, 55, 45, 55]"
镰刀盔,Kabutops,カブトプス,"['岩石', '水']","['怪兽', '飞龙']","['精神力', '锐利目光']",碎裂铠甲,"[60, 115, 105, 65, 70, 80]"
化石翼龙,Aerodactyl,プテラ,"['岩石', '飞行']","['怪兽', '飞龙']","['捡拾', '飞毛腿']",紧张感,"[80, 105, 65, 60, 75, 130]"
卡比兽,Snorlax,カビゴン,['一般'],"['陆上', '人形']","['毅力', '飞毛腿']",贪吃鬼,"[160, 110, 65, 65, 110, 30]"
急冻鸟,Articuno,フリーザー,"['冰', '飞行']","['昆虫', '水中3']","['熔岩铠甲', '火焰之躯']",雪隐,"[90, 85, 100, 95, 125, 85]"
闪电鸟,Zapdos,サンダー,"['电', '飞行']","['昆虫', '水中3']","['熔岩铠甲', '火焰之躯']",静电,"[90, 90, 85, 125, 90, 100]"
火焰鸟,Moltres,ファイヤー,"['火', '飞行']","['怪兽', '植物']","['迟钝', '雪隐']",火焰之躯,"[90, 100, 90, 125, 85, 90]"
迷你龙,Dratini,ミニリュウ,['龙'],"['怪兽', '植物']","['迟钝', '雪隐']",神奇鳞片,"[41, 64, 45, 50, 50, 50]"
哈克龙,Dragonair,ハクリュー,['龙'],"['怪兽', '陆上']","['活力', '自然回复']",神奇鳞片,"[61, 84, 65, 70, 70, 70]"
快龙,Dragonite,カイリュー,"['龙', '飞行']","['飞行', '妖精']","['活力', '狙击手']",多重鳞片,"[91, 134, 95, 100, 100, 80]"
超梦,Mewtwo,ミュウツー,['超能'],"['人形', '不定形']","['吸盘', '狙击手']",紧张感,"[106, 110, 90, 154, 90, 130]"
梦幻,Mew,ミュウ,['超能'],"['妖精', '矿物']","['干劲', '活力']",-,"[100, 100, 100, 100, 100, 100]"
菊草叶,Chikorita,チコリータ,['草'],"['水中1', '妖精']","['悠游自如', '储水']",叶子防守,"[45, 49, 65, 49, 65, 45]"
月桂叶,Bayleef,ベイリーフ,['草'],"['水中1', '妖精']","['锐利目光', '结实']",叶子防守,"[60, 62, 80, 63, 80, 60]"
大竺葵,Meganium,メガニウム,['草'],"['陆上', '植物']","['早起', '引火']",叶子防守,"[80, 82, 100, 83, 100, 80]"
火球鼠,Cyndaquil,ヒノアラシ,['火'],"['陆上', '植物']","['早起', '引火']",引火,"[39, 52, 43, 60, 50, 65]"
火岩鼠,Quilava,マグマラシ,['火'],"['陆上', '植物']","['悠游自如', '狙击手']",引火,"[58, 64, 58, 80, 65, 80]"
火暴兽,Typhlosion,バクフーン,['火'],"['陆上', '飞行']","['复制', '下载']",引火,"[78, 84, 78, 109, 85, 100]"
小锯鳄,Totodile,ワニノコ,['水'],"['陆上', '飞行']","['威吓', '察觉']",强行,"[50, 65, 64, 44, 48, 43]"
蓝鳄,Croconaw,アリゲイツ,['水'],"['植物', '妖精']","['我行我素', '技术高手']",强行,"[65, 80, 80, 59, 63, 58]"
大力鳄,Feraligatr,オーダイル,['水'],"['植物', '妖精']","['毅力', '不屈之心']",强行,"[85, 105, 100, 79, 83, 78]"
尾立,Sentret,オタチ,['一般'],"['昆虫', '矿物']","['威吓', '技术高手']",察觉,"[35, 46, 34, 35, 45, 20]"
大尾立,Furret,オオタチ,['一般'],"['昆虫', '矿物']","['迟钝', '预知梦']",察觉,"[85, 76, 64, 45, 55, 90]"
咕咕,Hoothoot,ホーホー,"['一般', '飞行']","['陆上', '飞龙']","['厚脂肪', '胆量']",有色眼镜,"[60, 30, 30, 36, 56, 50]"
猫头夜鹰,Noctowl,ヨルノズク,"['一般', '飞行']","['陆上', '飞龙']","['自然回复', '天恩']",有色眼镜,"[100, 50, 50, 86, 96, 70]"
芭瓢虫,Ledyba,レディバ,"['虫', '飞行']","['矿物', '不定形']","['逃跑', '飞毛腿']",胆怯,"[40, 20, 30, 40, 80, 55]"
安瓢虫,Ledian,レディアン,"['虫', '飞行']","['矿物', '不定形']","['威吓', '飞毛腿']",铁拳,"[55, 35, 50, 55, 110, 85]"
圆丝蛛,Spinarak,イトマル,"['虫', '毒']","['水中1', '水中3']","['捡拾', '贪吃鬼']",狙击手,"[40, 60, 40, 40, 40, 30]"
阿利多斯,Ariados,アリアドス,"['虫', '毒']","['水中1', '水中3']","['捡拾', '贪吃鬼']",狙击手,"[70, 90, 70, 60, 60, 40]"
叉字蝠,Crobat,クロバット,"['毒', '飞行']","['飞行', '水中3']","['悠游自如', '雨盘']",穿透,"[85, 90, 80, 70, 80, 130]"
灯笼鱼,Chinchou,チョンチー,"['水', '电']","['飞行', '水中3']","['悠游自如', '雨盘']",储水,"[75, 38, 38, 56, 56, 67]"
电灯怪,Lanturn,ランターン,"['水', '电']","['水中1', '飞行']","['悠游自如', '雨盘']",储水,"[125, 58, 58, 76, 76, 67]"
皮丘,Pichu,ピチュー,['电'],"['水中1', '飞行']","['叶绿素', '早起']",避雷针,"[20, 40, 15, 35, 35, 60]"
皮宝宝,Cleffa,ピィ,['妖精'],"['水中1', '水中2']","['叶绿素', '早起']",友情防守,"[50, 25, 28, 45, 55, 15]"
宝宝丁,Igglybuff,ププリン,"['一般', '妖精']","['植物', '矿物']","['叶绿素', '早起']",友情防守,"[90, 30, 15, 40, 20, 15]"
波克比,Togepi,トゲピー,['妖精'],"['植物', '矿物']","['锐利目光', '湿润之躯']",超幸运,"[35, 20, 65, 40, 65, 20]"
波克基古,Togetic,トゲチック,"['妖精', '飞行']","['怪兽', '飞龙']","['锐利目光', '降雨']",超幸运,"[55, 40, 85, 80, 105, 40]"
天然雀,Natu,ネイティ,"['超能', '飞行']","['怪兽', '飞龙']","['同步', '复制']",魔法镜,"[40, 50, 45, 70, 45, 70]"
天然鸟,Xatu,ネイティオ,"['超能', '飞行']","['怪兽', '飞龙']","['同步', '复制']",魔法镜,"[65, 75, 70, 95, 70, 95]"
咩利羊,Mareep,メリープ,['电'],"['水中1', '不定形']","['同步', '复制']",正电,"[55, 40, 40, 65, 45, 35]"
茸茸羊,Flaaffy,モココ,['电'],"['陆上', '人形']","['孢子', '毒疗']",正电,"[70, 55, 55, 80, 60, 45]"
电龙,Ampharos,デンリュウ,['电'],"['陆上', '人形']","['孢子', '毒疗']",正电,"[90, 75, 85, 115, 90, 55]"
美丽花,Bellossom,キレイハナ,['草'],"['飞龙', '怪兽']","['厚脂肪', '毅力']",治愈之心,"[75, 80, 95, 90, 100, 50]"
玛力露,Marill,マリル,"['水', '妖精']","['陆上', '人形']","['厚脂肪', '毅力']",食草,"[70, 20, 50, 20, 50, 40]"
玛力露丽,Azumarill,マリルリ,"['水', '妖精']","['陆上', '人形']","['厚脂肪', '大力士']",食草,"[100, 50, 80, 60, 80, 50]"
树才怪,Sudowoodo,ウソッキー,['岩石'],"['水中1', '水中2']","['结实', '磁力']",胆怯,"[70, 100, 115, 30, 65, 30]"
蚊香蛙皇,Politoed,ニョロトノ,['水'],"['水中1', '水中2']","['迷人之躯', '一般皮肤']",降雨,"[90, 75, 75, 90, 100, 70]"
毽子草,Hoppip,ハネッコ,"['草', '飞行']","['水中1', '飞龙']","['迷人之躯', '一般皮肤']",穿透,"[35, 35, 40, 35, 55, 50]"
毽子花,Skiploom,ポポッコ,"['草', '飞行']","['水中1', '飞龙']","['锐利目光', '慢出']",穿透,"[55, 45, 50, 45, 65, 80]"
毽子棉,Jumpluff,ワタッコ,"['草', '飞行']","['水中1', '水中3']","['怪力钳', '威吓']",穿透,"[75, 55, 70, 55, 95, 110]"
长尾怪手,Aipom,エイパム,['一般'],"['水中1', '水中3']","['结实', '坚硬脑袋']",连续攻击,"[55, 70, 55, 40, 55, 85]"
向日种子,Sunkern,ヒマナッツ,['草'],"['怪兽', '飞龙']","['结实', '坚硬脑袋']",早起,"[30, 30, 30, 30, 30, 30]"
向日花怪,Sunflora,キマワリ,['草'],"['怪兽', '飞龙']","['结实', '坚硬脑袋']",早起,"[75, 75, 55, 105, 85, 30]"
蜻蜻蜓,Yanma,ヤンヤンマ,"['虫', '飞行']","['怪兽', '飞龙']","['静电', '避雷针']",察觉,"[65, 65, 45, 75, 45, 95]"
乌波,Wooper,ウパー,"['水', '地面']","['怪兽', '飞龙']","['静电', '避雷针']",纯朴,"[55, 45, 45, 25, 25, 15]"
沼王,Quagsire,ヌオー,"['水', '地面']","['飞行', '人形']","['发光', '虫之预感']",纯朴,"[95, 85, 85, 65, 65, 35]"
太阳伊布,Espeon,エーフィ,['超能'],"['陆上', '妖精']","['迟钝', '有色眼镜']",魔法镜,"[65, 65, 60, 130, 95, 110]"
月亮伊布,Umbreon,ブラッキー,['恶'],"['妖精', '矿物']","['自然回复', '毒刺']",精神力,"[95, 65, 110, 60, 130, 65]"
黑暗鸦,Murkrow,ヤミカラス,"['恶', '飞行']","['植物', '不定形']","['污泥浆', '黏着']",恶作剧之心,"[60, 85, 42, 85, 42, 91]"
呆呆王,Slowking,ヤドキング,"['水', '超能']","['植物', '不定形']","['污泥浆', '黏着']",再生力,"[95, 75, 80, 100, 110, 30]"
梦妖,Misdreavus,ムウマ,['幽灵'],"['怪兽', '矿物']","['水幕', '迟钝']",-,"[60, 60, 60, 85, 85, 85]"
未知图腾,Unown,アンノーン,['超能'],"['怪兽', '矿物']","['水幕', '迟钝']",-,"[48, 72, 48, 72, 48, 48]"
果然翁,Wobbuffet,ソーナンス,['超能'],"['飞行', '飞龙']","['迟钝', '单纯']",心灵感应,"[190, 33, 58, 33, 58, 33]"
麒麟奇,Girafarig,キリンリキ,"['一般', '超能']","['飞行', '飞龙']","['熔岩铠甲', '坚硬岩石']",食草,"[70, 80, 65, 90, 65, 85]"
榛果球,Pineco,クヌギダマ,['虫'],"['水中1', '陆上']","['白色烟雾', '日照']",防尘,"[50, 65, 90, 35, 35, 15]"
佛烈托斯,Forretress,フォレトス,"['虫', '钢']","['水中1', '陆上']","['厚脂肪', '我行我素']",防尘,"[75, 90, 140, 60, 60, 40]"
土龙弟弟,Dunsparce,ノコッチ,['一般'],"['水中1', '陆上']","['厚脂肪', '我行我素']",胆怯,"[100, 70, 70, 65, 65, 45]"
天蝎,Gligar,グライガー,"['地面', '飞行']","['昆虫', '妖精']","['我行我素', '蹒跚']",免疫,"[65, 75, 105, 35, 65, 85]"
大钢蛇,Steelix,ハガネール,"['钢', '地面']","['昆虫', '妖精']","['怪力钳', '沙穴']",强行,"[75, 85, 200, 55, 65, 30]"
布鲁,Snubbull,ブルー,['妖精'],"['水中1', '昆虫']","['迟钝', '危险预知']",胆怯,"[60, 80, 50, 40, 40, 30]"
布鲁皇,Granbull,グランブル,['妖精'],"['水中1', '昆虫']","['迟钝', '危险预知']",胆怯,"[90, 120, 75, 60, 60, 45]"
千针鱼,Qwilfish,ハリーセン,"['水', '毒']","['怪兽', '飞龙']","['怪力钳', '硬壳盔甲']",威吓,"[65, 95, 85, 55, 55, 85]"
巨钳螳螂,Scizor,ハッサム,"['虫', '钢']","['怪兽', '飞龙']","['怪力钳', '硬壳盔甲']",轻金属,"[70, 130, 100, 55, 80, 65]"
壶壶,Shuckle,ツボツボ,"['虫', '岩石']","['昆虫', '水中3']","['悠游自如', '迟钝']",唱反调,"[20, 10, 230, 10, 230, 5]"
赫拉克罗斯,Heracross,ヘラクロス,"['虫', '格斗']","['昆虫', '水中3']","['神奇鳞片', '好胜']",自信过度,"[80, 125, 75, 40, 95, 85]"
狃拉,Sneasel,ニューラ,"['恶', '冰']","['怪兽', '飞龙']","['不眠', '察觉']",顺手牵羊,"[55, 95, 55, 35, 75, 115]"
熊宝宝,Teddiursa,ヒメグマ,['一般'],"['陆上', '妖精']","['不眠', '察觉']",采蜜,"[60, 80, 50, 50, 50, 40]"
圈圈熊,Ursaring,リングマ,['一般'],"['怪兽', '飞龙']","['叶绿素', '太阳之力']",紧张感,"[90, 130, 75, 75, 75, 55]"
熔岩虫,Slugma,マグマッグ,['火'],"['陆上', '植物']","['压迫感', '超幸运']",碎裂铠甲,"[40, 40, 40, 70, 40, 20]"
熔岩蜗牛,Magcargo,マグカルゴ,"['火', '岩石']","['陆上', '植物']","['精神力', '冰冻之躯']",碎裂铠甲,"[60, 50, 120, 90, 80, 30]"
小山猪,Swinub,ウリムー,"['冰', '地面']","['陆上', '植物']","['精神力', '冰冻之躯']",厚脂肪,"[50, 50, 40, 30, 30, 50]"
长毛猪,Piloswine,イノムー,"['冰', '地面']","['陆上', '人形']","['厚脂肪', '冰冻之躯']",厚脂肪,"[100, 100, 80, 60, 60, 50]"
太阳珊瑚,Corsola,サニーゴ,"['水', '岩石']","['陆上', '人形']","['厚脂肪', '冰冻之躯']",再生力,"[65, 55, 95, 65, 95, 35]"
铁炮鱼,Remoraid,テッポウオ,['水'],"['陆上', '人形']","['厚脂肪', '冰冻之躯']",心情不定,"[35, 65, 35, 65, 35, 65]"
章鱼桶,Octillery,オクタン,['水'],"['水中1', '陆上']","['悠游自如', '坚硬脑袋']",心情不定,"[75, 105, 75, 105, 75, 45]"
信使鸟,Delibird,デリバード,"['冰', '飞行']","['水中1', '陆上']","['单纯', '纯朴']",不眠,"[45, 55, 45, 65, 45, 75]"
巨翅飞鱼,Mantine,マンタイン,"['水', '飞行']","['水中1', '陆上']","['单纯', '纯朴']",水幕,"[85, 40, 70, 80, 140, 70]"
盔甲鸟,Skarmory,エアームド,"['钢', '飞行']","['怪兽', '水中1']","['斗争心', '威吓']",碎裂铠甲,"[65, 80, 140, 40, 70, 70]"
戴鲁比,Houndour,デルビル,"['恶', '火']","['怪兽', '水中1']","['斗争心', '威吓']",紧张感,"[45, 60, 30, 80, 50, 65]"
黑鲁加,Houndoom,ヘルガー,"['恶', '火']","['植物', '飞龙']","['斗争心', '威吓']",紧张感,"[75, 90, 50, 110, 80, 95]"
刺龙王,Kingdra,キングドラ,"['水', '龙']","['植物', '飞龙']","['自然回复', '毒刺']",湿气,"[75, 95, 95, 95, 95, 85]"
小小象,Phanpy,ゴマゾウ,['地面'],"['植物', '飞龙']","['自然回复', '毒刺']",沙隐,"[90, 60, 60, 40, 40, 40]"
顿甲,Donphan,ドンファン,['地面'],"['陆上', '飞龙']","['逃跑', '捡拾']",沙隐,"[90, 120, 120, 60, 60, 50]"
多边兽Ⅱ,Porygon2,ポリゴン２,['一般'],"['陆上', '飞龙']","['黏着', '引水']",分析,"[85, 80, 90, 105, 95, 60]"
惊角鹿,Stantler,オドシシ,['一般'],"['水中1', '飞行']","['黏着', '引水']",食草,"[73, 95, 62, 85, 65, 85]"
图图犬,Smeargle,ドーブル,['一般'],"['水中1', '人形']","['技术高手', '捡拾']",心情不定,"[55, 20, 35, 20, 45, 75]"
无畏小子,Tyrogue,バルキー,['格斗'],"['水中1', '人形']","['引爆', '轻装']",干劲,"[35, 35, 35, 35, 35, 35]"
战舞郎,Hitmontop,カポエラー,['格斗'],"['矿物', '不定形']","['引爆', '轻装']",不屈之心,"[50, 95, 95, 35, 110, 70]"
迷唇娃,Smoochum,ムチュール,"['冰', '超能']","['矿物', '不定形']","['逃跑', '笨拙']",湿润之躯,"[45, 30, 15, 85, 65, 65]"
电击怪,Elekid,エレキッド,['电'],"['妖精', '人形']","['迷人之躯', '笨拙']",干劲,"[45, 63, 37, 65, 55, 95]"
鸭嘴宝宝,Magby,ブビィ,['火'],"['妖精', '人形']","['不眠', '超幸运']",干劲,"[45, 75, 37, 70, 55, 83]"
大奶罐,Miltank,ミルタンク,['一般'],"['妖精', '人形']","['柔软', '我行我素']",食草,"[95, 80, 105, 40, 70, 100]"
幸福蛋,Blissey,ハピナス,['一般'],"['水中1', '水中3']","['厚脂肪', '我行我素']",治愈之心,"[255, 10, 10, 75, 135, 55]"
雷公,Raikou,ライコウ,['电'],"['飞行', '陆上']","['恶臭', '引爆']",精神力,"[90, 85, 75, 115, 100, 115]"
炎帝,Entei,エンテイ,['火'],"['矿物', '不定形']","['恶臭', '引爆']",精神力,"[115, 115, 85, 90, 75, 100]"
水君,Suicune,スイクン,['水'],"['妖精', '不定形']","['飘浮', '耐热']",精神力,"[100, 75, 115, 90, 115, 85]"
幼基拉斯,Larvitar,ヨーギラス,"['岩石', '地面']","['妖精', '不定形']","['飘浮', '耐热']",沙隐,"[50, 64, 50, 45, 50, 41]"
沙基拉斯,Pupitar,サナギラス,"['岩石', '地面']","['妖精', '矿物']","['结实', '坚硬脑袋']",-,"[70, 84, 70, 65, 70, 51]"
班基拉斯,Tyranitar,バンギラス,"['岩石', '恶']","['水中1', '不定形']","['隔音', '过滤']",紧张感,"[100, 134, 110, 95, 100, 61]"
洛奇亚,Lugia,ルギア,"['超能', '飞行']","['水中1', '陆上']","['自然回复', '天恩']",多重鳞片,"[106, 90, 130, 90, 154, 110]"
凤王,Ho-Oh,ホウオウ,"['火', '飞行']","['陆上', '妖精']","['锐利目光', '蹒跚']",再生力,"[106, 130, 90, 110, 154, 90]"
时拉比,Celebi,セレビィ,"['超能', '草']","['陆上', '矿物']","['捡拾', '厚脂肪']",-,"[100, 100, 100, 100, 100, 100]"
木守宫,Treecko,キモリ,['草'],"['陆上', '矿物']","['不屈之心', '精神力']",轻装,"[40, 45, 35, 65, 55, 70]"
森林蜥蜴,Grovyle,ジュプトル,['草'],"['矿物', '飞龙']","['不屈之心', '精神力']",轻装,"[50, 65, 45, 85, 65, 95]"
蜥蜴王,Sceptile,ジュカイン,['草'],"['不定形', '飞龙']","['战斗盔甲', '狙击手']",轻装,"[70, 85, 65, 105, 85, 120]"
火稚鸡,Torchic,アチャモ,['火'],"['不定形', '飞龙']","['战斗盔甲', '狙击手']",加速,"[45, 60, 40, 70, 50, 45]"
力壮鸡,Combusken,ワカシャモ,"['火', '格斗']","['不定形', '飞龙']","['危险预知', '干燥皮肤']",加速,"[60, 85, 60, 85, 60, 55]"
