uid,地名,区划码,地级,地级码,地级类,省级,省级码,省级类,曾用名,备注,ENG_NAME,code,VAR_NAME,NAME_2,VAR_NAME2,GID_2,TYPE_2,NAME_1,VAR_NAME1,GID_1,TYPE_1,year,prep,supply,resource,NEIGHBORS,SUM,filled_data_provinceID,filled_data_provinceName,filled_data_cityName,filled_data_precipitation,filled_data_waterSupply,filled_data_totalWaterResources,filled_data_hostPop,filled_data_stayPop,filled_data_ConsummerSupply
"0",阿克苏地区,"652900",阿克苏地区,"652900",地区,新疆维吾尔自治区,"650000",自治区,,,Akesu,"652900",ā Kè Sū,Akesu,ā Kè Sū,"652900",Prefecture,Xinjiang,Xīn Jiāng,"650000",Autonomous Region,"2018",2580.603,"-1","-1","653200,653100,659002,653000,654000,652800","-6",,,,,,,"-1","-1","-1"
"1",阿拉尔市,"659002",不统计,"0",不统计,新疆维吾尔自治区,"650000",自治区,,,Alaer,"659002",ā Lā ěr,NULL,NULL,"0",NULL,Xinjiang,Xīn Jiāng,"650000",Autonomous Region,"2018",1242.994,"-1","-1","652900","-1",,,,,,,"-1","-1","-1"
"2",阿拉善盟,"152900",阿拉善盟,"152900",盟,内蒙古自治区,"150000",自治区,,,Alashan,"152900",ā Lā Shàn,Alashan,ā Lā Shàn,"152900",League,Neimenggu,Nèi Měng Gǔ,"150000",Autonomous Region,"2018",5793.456,"-1","-1","150600,150800,620400,640500,620600,620300,640200,640100,150300,640300,620700,620900","41681",,,,,,,"-1","-1","-1"
"3",阿勒泰地区,"654300",阿勒泰地区,"654300",地区,新疆维吾尔自治区,"650000",自治区,,,Aletai,"654300",ā Lè Tài,Aletai,ā Lè Tài,"654300",Prefecture,Xinjiang,Xīn Jiāng,"650000",Autonomous Region,"2018",3484.542,"-1","-1","659005,654200,650100,652300","27459",,,,,,,"-1","-1","-1"
"4",阿里地区,"542500",阿里地区,"542500",地区,西藏自治区,"540000",自治区,,,Ali,"542500",ā Lǐ,Ali,ā Lǐ,"542500",Prefecture,Xizang,Xī Zàng,"540000",Autonomous Region,"2018",5244.644,"-1","-1","653200,540200,540600,652800","-4",,,,,,,"-1","-1","-1"
"5",安康市,"610900",安康市,"610900",地级市,陕西省,"610000",省,,,Ankang,"610900",ān Kāng,Ankang,ān Kāng,"610900",Prefecture City,Shaanxi,Shǎn Xī,"610000",Province,"2018",9057.473,"1634","880600","511700,500000,610100,611000,420300,610700","232090",,,,,,,"572","316","13541"
"6",安庆市,"340800",安庆市,"340800",地级市,安徽省,"340000",省,,,Anqing,"340800",ān Qìng,Anqing,ān Qìng,"340800",Prefecture City,Anhui,ān Huī,"340000",Province,"2018",13333.802,"7505","920300","340700,340100,341700,421100,341500,360400","72241",,,,,,,"270","41","2123"
"7",安顺市,"520400",安顺市,"520400",地级市,贵州省,"520000",省,,,Anshun,"520400",ān Shùn,Anshun,ān Shùn,"520400",Prefecture City,Guizhou,Guì Zhōu,"520000",Province,"2018",12890.855,"3436","633600","522700,522300,520200,520100,520500","36204",,,,,,,"323","148","3669"
"8",安阳市,"410500",安阳市,"410500",地级市,河南省,"410000",省,,,Anyang,"410500",ān Yáng,Anyang,ān Yáng,"410500",Prefecture City,Henan,Hé Nán,"410000",Province,"2018",7094.04,"5686","119992","140400,410900,410600,130400,410700","32248",,,,,,,"573","172","2708"
"9",鞍山市,"210300",鞍山市,"210300",地级市,辽宁省,"210000",省,,,Anshan,"210300",ān Shān,Anshan,ān Shān,"210300",Prefecture City,Liaoning,Liáo Níng,"210000",Province,"2018",6613.305,"11016","195600","210100,210200,210600,211100,211000,210700,210800","118061",,,,,,,"271","31","1082"
"11",巴彦淖尔市,"150800",巴彦淖尔市,"150800",地级市,内蒙古自治区,"150000",自治区,,,Bayannaoer,"150800",Bā Yàn Nào ěr,Bayannaoer,Bā Yàn Nào ěr,"150800",Prefecture City,Neimenggu,Nèi Měng Gǔ,"150000",Autonomous Region,"2018",4283.991,"1894","561200","150600,150200,152900","17939",,,,,,,"316","84","1328"
"12",巴音郭楞蒙古自治州,"652800",巴音郭楞蒙古自治州,"652800",自治州,新疆维吾尔自治区,"650000",自治区,,,Bayinguolengmenggu,"652800",Bā Yīn Guō Léng Měng Gǔ,Bayinguolengmenggu,Bā Yīn Guō Léng Měng Gǔ,"652800",Autonomous Prefecture,Xinjiang,Xīn Jiāng,"650000",Autonomous Region,"2018",2859.013,"-1","-1","653200,652900,542500,654000,659006,654200,650400,650100,652300,540600,632700,632800,620900,650500","34478",,,,,,,"-1","-1","-1"
"13",巴中市,"511900",巴中市,"511900",地级市,四川省,"510000",省,,,Bazhong,"511900",Bā Zhōng,Bazhong,Bā Zhōng,"511900",Prefecture City,Sichuan,Sì Chuān,"510000",Province,"2018",10272.431,"4662","716800","511700,510800,511300,610700","21883",,,,,,,"-1","-1","-1"
"14",白城市,"220800",白城市,"220800",地级市,吉林省,"220000",省,,,Baicheng,"220800",Bái Chéng,Baicheng,Bái Chéng,"220800",Prefecture City,Jilin,Jí Lín,"220000",Province,"2018",5402.898,"1011","256000","230200,220700,150500,230600,152200","26440",,,,,,,"319","68","830"
"15",白沙黎族自治县,"469025",不统计,"0",不统计,海南省,"460000",省,,,Baishalizu,"469025",Bái Shā Lí Zú,NULL,NULL,"0",NULL,Hainan,Hǎi Nán,"460000",Province,"2018",20295.189,"-1","-1","460400,469030,469026,469027,469001","-5",,,,,,,"-1","-1","-1"
"16",白山市,"220600",白山市,"220600",地级市,吉林省,"220000",省,,,Baishan,"220600",Bái Shān,Baishan,Bái Shān,"220600",Prefecture City,Jilin,Jí Lín,"220000",Province,"2018",8784.343,"1596","1012000","220500,220200,222400","10209",,,,,,,"751","-1","10798"
"17",白银市,"620400",白银市,"620400",地级市,甘肃省,"620000",省,,,Baiyin,"620400",Bái Yín,Baiyin,Bái Yín,"620400",Prefecture City,Gansu,Gān Sù,"620000",Province,"2018",5018.972,"2354","23200","640400,620800,620100,621100,640500,152900,620600","29005",,,,,,,"123","16","766"
"18",百色市,"451000",百色市,"451000",地级市,广西壮族自治区,"450000",自治区,,,Baise,"451000",Bǎi Sè,Baise,Bǎi Sè,"451000",Prefecture City,Guangxi,Guǎng Xī,"450000",Autonomous Region,"2018",12355.758,"3279","2510000","451400,451200,450100,522700,532600,530300,522300","58463",,,,,,,"373","32","2516"
"19",蚌埠市,"340300",蚌埠市,"340300",地级市,安徽省,"340000",省,,,Bengbu,"340300",Bèng Bù,Bengbu,Bèng Bù,"340300",Prefecture City,Anhui,ān Huī,"340000",Province,"2018",12578.448,"8512","315943","340600,341100,321300,340400,341600,341300","27695",,,,,,,"447","222","9234"
"20",包头市,"150200",包头市,"150200",地级市,内蒙古自治区,"150000",自治区,,,Baotou,"150200",Bāo Tóu,Baotou,Bāo Tóu,"150200",Prefecture City,Neimenggu,Nèi Měng Gǔ,"150000",Autonomous Region,"2018",4938.071,"15018","72600","150600,150100,150900,150800","18467",,,,,,,"394","34","848"
"21",宝鸡市,"610300",宝鸡市,"610300",地级市,陕西省,"610000",省,,,Baoji,"610300",Bǎo Jī,Baoji,Bǎo Jī,"610300",Prefecture City,Shaanxi,Shǎn Xī,"610000",Province,"2018",7198.025,"4948","1316400","620800,610400,610100,610700,621200,620500","101967",,,,,,,"349","44","1899"
"22",保定市,"130600",保定市,"130600",地级市,河北省,"130000",省,,,Baoding,"130600",Bǎo Dìng,Baoding,Bǎo Dìng,"130600",Prefecture City,Hebei,Hé Běi,"130000",Province,"2018",5340.209,"9142","254300","110000,130700,140900,140200,131100,130900,131000,130100","153483",,,,,,,"797","90","1841"
"23",保山市,"530500",保山市,"530500",地级市,云南省,"530000",省,,,Baoshan,"530500",Bǎo Shān,Baoshan,Bǎo Shān,"530500",Prefecture City,Yunnan,Yún Nán,"530000",Province,"2018",11853.184,"1802","1473300","533300,530900,533100,532900","1159",,,,,,,"365","148","3011"
"24",保亭黎族苗族自治县,"469029",不统计,"0",不统计,海南省,"460000",省,,,Baotinglizumiaozu,"469029",Bǎo Tíng Lí Zú Miáo Zú,NULL,NULL,"0",NULL,Hainan,Hǎi Nán,"460000",Province,"2018",16679.129,"-1","-1","469030,469028,469027,460200,469001","11263",,,,,,,"-1","-1","-1"
"25",北海市,"450500",北海市,"450500",地级市,广西壮族自治区,"450000",自治区,,,Beihai,"450500",Běi Hǎi,Beihai,Běi Hǎi,"450500",Prefecture City,Guangxi,Guǎng Xī,"450000",Autonomous Region,"2018",14640.566,"7211","266000","450700,450900,440800","24147",,,,,,,"811","300","5017"
"26",北京市,"110000",不统计,"0",不统计,北京市,"110000",直辖市,,,Beijing,"110000",Běi Jīng,NULL,NULL,"0",NULL,Beijing,Běi Jīng,"110000",Municipality,"2018",5590.117,"115852","354573","130800,130700,130600,131000,120000","96819",,,,,,,"1376","1368","58725"
"27",北屯市,"659005",不统计,"0",不统计,新疆维吾尔自治区,"650000",自治区,,,Beitun,"659005",Běi Tún,NULL,NULL,"0",NULL,Xinjiang,Xīn Jiāng,"650000",Autonomous Region,"2018",3568.409,"-1","-1","654300","-1",,,,,,,"-1","-1","-1"
"28",本溪市,"210500",本溪市,"210500",地级市,辽宁省,"210000",省,,,Benxi,"210500",Běn Xī,Benxi,Běn Xī,"210500",Prefecture City,Liaoning,Liáo Níng,"210000",Province,"2018",7354.687,"5624","281700","220500,210400,210100,210600,211000","73617",,,,,,,"746","596","28185"
"29",毕节市,"520500",毕节市,"520500",地级市,贵州省,"520000",省,,,Bijie,"520500",Bì Jié,Bijie,Bì Jié,"520500",Prefecture City,Guizhou,Guì Zhōu,"520000",Province,"2018",11286.861,"3785","1285430","510500,520300,530300,520200,520400,520100,530600","51023",,,,,,,"108","66","-1"
"30",滨州市,"371600",滨州市,"371600",地级市,山东省,"370000",省,,,Binzhou,"371600",Bīn Zhōu,Binzhou,Bīn Zhōu,"371600",Prefecture City,Shandong,Shān Dōng,"370000",Province,"2018",7051.622,"9685","-1","371400,370500,130900,370300,370100","70616",,,,,,,"434","289","6787"
"31",亳州市,"341600",亳州市,"341600",地级市,安徽省,"340000",省,,,Bozhou,"341600",Bó Zhōu,Bozhou,Bó Zhōu,"341600",Prefecture City,Anhui,ān Huī,"340000",Province,"2018",9556.659,"2597","269775","340600,340300,340400,341200,411400,411600","33838",,,,,,,"229","83","4441"
"32",博尔塔拉蒙古自治州,"652700",博尔塔拉蒙古自治州,"652700",自治州,新疆维吾尔自治区,"650000",自治区,,,Boertalamenggu,"652700",Bó ěr Tǎ Lā Měng Gǔ,Boertalamenggu,Bó ěr Tǎ Lā Měng Gǔ,"652700",Autonomous Prefecture,Xinjiang,Xīn Jiāng,"650000",Autonomous Region,"2018",2156.479,"-1","-1","654000,659007,654200","-3",,,,,,,"-1","-1","-1"
"33",沧州市,"130900",沧州市,"130900",地级市,河北省,"130000",省,,,Cangzhou,"130900",Cāng Zhōu,Cangzhou,Cāng Zhōu,"130900",Prefecture City,Hebei,Hé Běi,"130000",Province,"2018",6344.313,"4147","87000","371400,371600,131100,130600,131000,120000","104646",,,,,,,"382","60","1888"
"34",昌都市,"540300",昌都市,"540300",地级市,西藏自治区,"540000",自治区,昌都地区,2014年撤销昌都地区，设立昌都市,Changdu,"540300",Chāng Dū,Changdu,Chāng Dū,"540300",Prefecture City,Xizang,Xī Zàng,"540000",Autonomous Region,"2018",7303.5,"-1","-1","540400,513300,540600,632700,533400","-5",,,,,,,"666","178","3875"
"35",昌吉回族自治州,"652300",昌吉回族自治州,"652300",自治州,新疆维吾尔自治区,"650000",自治区,,,Changjihuizu,"652300",Chāng Jí Huí Zú,Changjihuizu,Chāng Jí Huí Zú,"652300",Autonomous Prefecture,Xinjiang,Xīn Jiāng,"650000",Autonomous Region,"2018",3063.064,"-1","-1","654300,659001,654200,659004,650400,650100,652800,650500","32078",,,,,,,"-1","-1","-1"
"36",昌江黎族自治县,"469026",不统计,"0",不统计,海南省,"460000",省,,,Changjianglizu,"469026",Chāng Jiāng Lí Zú,NULL,NULL,"0",NULL,Hainan,Hǎi Nán,"460000",Province,"2018",17593.102,"-1","-1","460400,469007,469027,469025","-4",,,,,,,"-1","-1","-1"
"37",常德市,"430700",常德市,"430700",地级市,湖南省,"430000",省,,,Changde,"430700",Cháng Dé,Changde,Cháng Dé,"430700",Prefecture City,Hunan,Hú Nán,"430000",Province,"2018",12495.265,"7470","1181053","431200,420500,430800,430900,421000,422800","33106",,,,,,,"392","127","5020"
"38",常州市,"320400",常州市,"320400",地级市,江苏省,"320000",省,,,Changzhou,"320400",Cháng Zhōu,Changzhou,Cháng Zhōu,"320400",Prefecture City,Jiangsu,Jiāng Sū,"320000",Province,"2018",12660.713,"27210","204800","321200,320100,341800,321100,320200","152077",,,,,,,"159","19","344"
"39",朝阳市,"211300",朝阳市,"211300",地级市,辽宁省,"210000",省,,,Chaoyang,"211300",Cháo Yáng,Chaoyang,Cháo Yáng,"211300",Prefecture City,Liaoning,Liáo Níng,"210000",Province,"2018",4192.533,"2166","108974","150500,130800,150400,211400,130300,210900,210700","28174",,,,,,,"185","75","1070"
"40",潮州市,"445100",潮州市,"445100",地级市,广东省,"440000",省,,,Chaozhou,"445100",Cháo Zhōu,Chaozhou,Cháo Zhōu,"445100",Prefecture City,Guangdong,Guǎng Dōng,"440000",Province,"2018",14003.071,"-1","270025","350600,441400,445200,440500","41931",,,,,,,"337","92","5204"
"41",郴州市,"431000",郴州市,"431000",地级市,湖南省,"430000",省,,,Chenzhou,"431000",Chēn Zhōu,Chenzhou,Chēn Zhōu,"431000",Prefecture City,Hunan,Hú Nán,"430000",Province,"2018",14115.098,"6136","1541000","431100,441800,440200,360700,360800,430400,430200","72369",,,,,,,"293","61","2363"
"42",成都市,"510100",成都市,"510100",地级市,四川省,"510000",省,,2016年资阳市简阳市改由成都市代管,Chengdu,"510100",Chéng Dū,Chengdu,Chéng Dū,"510100",Prefecture City,Sichuan,Sì Chuān,"510000",Province,"2018",11850.229,"94611","-1","511400,510600,512000,513200,511800","12573",,,,,,,"390","181","9996"
"43",承德市,"130800",承德市,"130800",地级市,河北省,"130000",省,,,Chengde,"130800",Chéng Dé,Chengde,Chéng Dé,"130800",Prefecture City,Hebei,Hé Běi,"130000",Province,"2018",5635.941,"4130","317400","150400,211300,110000,130300,152500,130700,130200,120000","223818",,,,,,,"465","77","2780"
"44",澄迈县,"469023",不统计,"0",不统计,海南省,"460000",省,,,Chengmai,"469023",Chéng Mài,NULL,NULL,"0",NULL,Hainan,Hǎi Nán,"460000",Province,"2018",19632.528,"-1","-1","460400,469021,460100,469024,469022,469030","19144",,,,,,,"-1","-1","-1"
"45",池州市,"341700",池州市,"341700",地级市,安徽省,"340000",省,,,Chizhou,"341700",Chí Zhōu,Chizhou,Chí Zhōu,"341700",Prefecture City,Anhui,ān Huī,"340000",Province,"2018",13643.078,"2794","668100","341800,340200,340700,341000,340800,360400,361100,360200","55054",,,,,,,"218","105","2361"
"46",赤峰市,"150400",赤峰市,"150400",地级市,内蒙古自治区,"150000",自治区,,,Chifeng,"150400",Chì Fēng,Chifeng,Chì Fēng,"150400",Prefecture City,Neimenggu,Nèi Měng Gǔ,"150000",Autonomous Region,"2018",5218.964,"5635","-1","150500,130800,211300,152500","6294",,,,,,,"246","136","4754"
"47",崇左市,"451400",崇左市,"451400",地级市,广西壮族自治区,"450000",自治区,,,Chongzuo,"451400",Chóng Zuǒ,Chongzuo,Chóng Zuǒ,"451400",Prefecture City,Guangxi,Guǎng Xī,"450000",Autonomous Region,"2018",12864.697,"1937","1170000","450600,450100,451000","55399",,,,,,,"177","-1","-1"
"48",滁州市,"341100",滁州市,"341100",地级市,安徽省,"340000",省,,,Chuzhou,"341100",Chú Zhōu,Chuzhou,Chú Zhōu,"341100",Prefecture City,Anhui,ān Huī,"340000",Province,"2018",12644.115,"5817","625400","321000,340300,340500,321300,320800,320100,340400,340100","197228",,,,,,,"758","276","27148"
"49",楚雄彝族自治州,"532300",楚雄彝族自治州,"532300",自治州,云南省,"530000",省,,,Chuxiongyizu,"532300",Chǔ Xióng Yí Zú,Chuxiongyizu,Chǔ Xióng Yí Zú,"532300",Autonomous Prefecture,Yunnan,Yún Nán,"530000",Province,"2018",10296.443,"-1","-1","530400,530100,530700,513400,510400,530800,532900","38971",,,,,,,"-1","-1","-1"
"50",达州市,"511700",达州市,"511700",地级市,四川省,"510000",省,,,Dazhou,"511700",Dá Zhōu,Dazhou,Dá Zhōu,"511700",Prefecture City,Sichuan,Sì Chuān,"510000",Province,"2018",10134.169,"5312","-1","511600,511900,500000,610900,511300,610700","146122",,,,,,,"178","174","12726"
"51",大理白族自治州,"532900",大理白族自治州,"532900",自治州,云南省,"530000",省,,,Dalibaizu,"532900",Dà Lǐ Bái Zú,Dalibaizu,Dà Lǐ Bái Zú,"532900",Autonomous Prefecture,Yunnan,Yún Nán,"530000",Province,"2018",10341.067,"-1","-1","533300,530700,530800,530900,530500,532300","6907",,,,,,,"-1","-1","-1"
"52",大连市,"210200",大连市,"210200",地级市,辽宁省,"210000",省,,,Dalian,"210200",Dà Lián,Dalian,Dà Lián,"210200",Prefecture City,Liaoning,Liáo Níng,"210000",Province,"2018",5368.749,"42884","246800","210600,210300,210800","22597",,,,,,,"174","55","1189"
"53",大庆市,"230600",大庆市,"230600",地级市,黑龙江省,"230000",省,,,Daqing,"230600",Dà Qìng,Daqing,Dà Qìng,"230600",Prefecture City,Heilongjiang,Hēi Lóng Jiāng,"230000",Province,"2018",6007.192,"23356","236300","230200,231200,230100,220700,220800","33425",,,,,,,"-1","-1","-1"
"54",大同市,"140200",大同市,"140200",地级市,山西省,"140000",省,,,Datong,"140200",Dà Tóng,Datong,Dà Tóng,"140200",Prefecture City,Shanxi,Shān Xī,"140000",Province,"2018",5658.181,"-1","106000","130700,140900,140600,150900,130600","18526",,,,,,,"-1","-1","-1"
"55",大兴安岭地区,"232700",大兴安岭地区,"232700",地区,黑龙江省,"230000",省,,,Daxinganling,"232700",Dà Xīng ān Lǐng,Daxinganling,Dà Xīng ān Lǐng,"232700",Prefecture,Heilongjiang,Hēi Lóng Jiāng,"230000",Province,"2018",5327.456,"-1","-1","231100,150700","2397",,,,,,,"-1","-1","-1"
"56",丹东市,"210600",丹东市,"210600",地级市,辽宁省,"210000",省,,,Dandong,"210600",Dān Dōng,Dandong,Dān Dōng,"210600",Prefecture City,Liaoning,Liáo Níng,"210000",Province,"2018",8170.771,"4093","768000","220500,210200,210500,210300,211000","66481",,,,,,,"595","400","12966"
"57",儋州市,"460400",儋州市,"460400",地级市,海南省,"460000",省,,2015年撤销县级儋州市，设立地级儋州,Danzhou,"460400",Dān Zhōu,Danzhou,Dān Zhōu,"460400",Prefecture City,Hainan,Hǎi Nán,"460000",Province,"2018",22169.782,"-1","364400","469023,469024,469030,469026,469025","-5",,,,,,,"-1","-1","-1"
"58",德宏傣族景颇族自治州,"533100",德宏傣族景颇族自治州,"533100",自治州,云南省,"530000",省,,,Dehongdaizujingpozu,"533100",Dé Hóng Dǎi Zú Jǐng Pō Zú,Dehongdaizujingpozu,Dé Hóng Dǎi Zú Jǐng Pō Zú,"533100",Autonomous Prefecture,Yunnan,Yún Nán,"530000",Province,"2018",12005.603,"-1","-1","530500","1802",,,,,,,"-1","-1","-1"
"59",德阳市,"510600",德阳市,"510600",地级市,四川省,"510000",省,,,Deyang,"510600",Dé Yáng,Deyang,Dé Yáng,"510600",Prefecture City,Sichuan,Sì Chuān,"510000",Province,"2018",10738.743,"4327","447519","510100,510700,512000,510900,513200","111128",,,,,,,"99","58","1966"
"60",德州市,"371400",德州市,"371400",地级市,山东省,"370000",省,,,Dezhou,"371400",Dé Zhōu,Dezhou,Dé Zhōu,"371400",Prefecture City,Shandong,Shān Dōng,"370000",Province,"2018",6436.136,"4185","154389","371500,371600,131100,130900,130500,370100","55839",,,,,,,"656","548","16453"
"61",迪庆藏族自治州,"533400",迪庆藏族自治州,"533400",自治州,云南省,"530000",省,,,Diqingzangzu,"533400",Dí Qìng Zàng Zú,Diqingzangzu,Dí Qìng Zàng Zú,"533400",Autonomous Prefecture,Yunnan,Yún Nán,"530000",Province,"2018",8972.243,"-1","-1","540400,540300,513300,533300,530700,513400","2183",,,,,,,"-1","-1","-1"
"62",定安县,"469021",不统计,"0",不统计,海南省,"460000",省,,,Dingan,"469021",Dìng ān,NULL,NULL,"0",NULL,Hainan,Hǎi Nán,"460000",Province,"2018",18746.586,"-1","-1","469023,460100,469022,469005,469002","19145",,,,,,,"-1","-1","-1"
"63",定西市,"621100",定西市,"621100",地级市,甘肃省,"620000",省,,,Dingxi,"621100",Dìng Xī,Dingxi,Dìng Xī,"621100",Prefecture City,Gansu,Gān Sù,"620000",Province,"2018",6777.26,"683","-1","620800,621200,622900,620100,620400,620500,623000","29593",,,,,,,"20","5","-1"
"64",东方市,"469007",不统计,"0",不统计,海南省,"460000",省,,,Dongfang,"469007",Dōng Fāng,NULL,NULL,"0",NULL,Hainan,Hǎi Nán,"460000",Province,"2018",16287.972,"-1","-1","469026,469027","-2",,,,,,,"-1","-1","-1"
"65",东莞市,"441900",东莞市,"441900",地级市,广东省,"440000",省,,,Dongguan,"441900",Dōng Guǎn,Dongguan,Dōng Guǎn,"441900",Prefecture City,Guangdong,Guǎng Dōng,"440000",Province,"2018",16920.758,"-1","238890","440100,440300,441300","388922",,,,,,,"-1","-1","-1"
"66",东营市,"370500",东营市,"370500",地级市,山东省,"370000",省,,,Dongying,"370500",Dōng Yíng,Dongying,Dōng Yíng,"370500",Prefecture City,Shandong,Shān Dōng,"370000",Province,"2018",8170.076,"14610","185400","371600,370300,370700","40946",,,,,,,"125","87","3011"
"67",鄂尔多斯市,"150600",鄂尔多斯市,"150600",地级市,内蒙古自治区,"150000",自治区,,,Eerduosi,"150600",è ěr Duō Sī,Eerduosi,è ěr Duō Sī,"150600",Prefecture City,Neimenggu,Nèi Měng Gǔ,"150000",Autonomous Region,"2018",5169.885,"2922","292200","140900,150100,150200,610800,150800,152900,640200,640100,150300,640300","54630",,,,,,,"44","56","1548"
"68",鄂州市,"420700",鄂州市,"420700",地级市,湖北省,"420000",省,,,Ezhou,"420700",è Zhōu,Ezhou,è Zhōu,"420700",Prefecture City,Hubei,Hú Běi,"420000",Province,"2018",12576.495,"6225","75507","421100,420200,420100","126322",,,,,,,"435","73","2401"
"69",恩施土家族苗族自治州,"422800",恩施土家族苗族自治州,"422800",自治州,湖北省,"420000",省,,,Enshitujiazumiaozu,"422800",ēn Shī Tǔ Jiā Zú Miáo Zú,Enshitujiazumiaozu,ēn Shī Tǔ Jiā Zú Miáo Zú,"422800",Autonomous Prefecture,Hubei,Hú Běi,"420000",Province,"2018",12497.331,"-1","-1","433100,430700,420500,430800,500000,429021","147967",,,,,,,"-1","-1","-1"
"70",防城港市,"450600",防城港市,"450600",地级市,广西壮族自治区,"450000",自治区,,,Fangchenggang,"450600",Fáng Chéng Gǎng,Fangchenggang,Fáng Chéng Gǎng,"450600",Prefecture City,Guangxi,Guǎng Xī,"450000",Autonomous Region,"2018",14700.474,"4204","889800","450700,451400,450100","55584",,,,,,,"450","142","5800"
"71",佛山市,"440600",佛山市,"440600",地级市,广东省,"440000",省,,,Foshan,"440600",Fó Shān,Foshan,Fó Shān,"440600",Prefecture City,Guangdong,Guǎng Dōng,"440000",Province,"2018",17503.373,"122131","367000","445300,441800,441200,440700,440100,442000","252842",,,,,,,"289","87","4570"
"72",福州市,"350100",福州市,"350100",地级市,福建省,"350000",省,,,Fuzhou,"350100",Fú Zhōu,Fuzhou,Fú Zhōu,"350100",Prefecture City,Fujian,Fú Jiàn,"350000",Province,"2018",14683.13,"31436","743900","350300,350900,350500,350400,350700","30131",,,,,,,"528","74","3313"
"73",抚顺市,"210400",抚顺市,"210400",地级市,辽宁省,"210000",省,,,Fushun,"210400",Fǔ Shùn,Fushun,Fǔ Shùn,"210400",Prefecture City,Liaoning,Liáo Níng,"210000",Province,"2018",6611.562,"9045","176600","220500,211200,210100,220400,210500","67073",,,,,,,"-1","-1","-1"
"74",抚州市,"361000",抚州市,"361000",地级市,江西省,"360000",省,,,Fuzhou,"361000",Fǔ Zhōu,Fuzhou,Fǔ Zhōu,"361000",Prefecture City,Jiangxi,Jiāng Xī,"360000",Province,"2018",15319.221,"5401","1258900","360600,360100,361100,360900,350400,350700,360700,360800","73745",,,,,,,"354","50","1793"
"75",阜新市,"210900",阜新市,"210900",地级市,辽宁省,"210000",省,,,Fuxin,"210900",Fù Xīn,Fuxin,Fù Xīn,"210900",Prefecture City,Liaoning,Liáo Níng,"210000",Province,"2018",5492.364,"6000","51782","150500,211300,210100,210700","55686",,,,,,,"146","90","2095"
"76",阜阳市,"341200",阜阳市,"341200",地级市,安徽省,"340000",省,,,Fuyang,"341200",Fù Yáng,Fuyang,Fù Yáng,"341200",Prefecture City,Anhui,ān Huī,"340000",Province,"2018",10597.596,"5435","367885","340400,411500,341500,411700,341600,411600","25709",,,,,,,"389","150","7747"
"77",甘南藏族自治州,"623000",甘南藏族自治州,"623000",自治州,甘肃省,"620000",省,,,Gannanzangzu,"623000",Gān Nán Zàng Zú,Gannanzangzu,Gān Nán Zàng Zú,"623000",Autonomous Prefecture,Gansu,Gān Sù,"620000",Province,"2018",7464.934,"-1","-1","621200,632300,630200,622900,621100,632600,513200","2072",,,,,,,"-1","-1","-1"
"78",甘孜藏族自治州,"513300",甘孜藏族自治州,"513300",自治州,四川省,"510000",省,,,Ganzizangzu,"513300",Gān Zī Zàng Zú,Ganzizangzu,Gān Zī Zàng Zú,"513300",Autonomous Prefecture,Sichuan,Sì Chuān,"510000",Province,"2018",8755.24,"-1","-1","540300,632600,513200,511800,632700,513400,533400","1975",,,,,,,"-1","-1","-1"
"79",赣州市,"360700",赣州市,"360700",地级市,江西省,"360000",省,,,Ganzhou,"360700",Gàn Zhōu,Ganzhou,Gàn Zhōu,"360700",Prefecture City,Jiangxi,Jiāng Xī,"360000",Province,"2018",14508.04,"13879","2229200","350800,350400,361000,441600,441400,440200,431000,360800","42266",,,,,,,"521","62","2903"
"80",固原市,"640400",固原市,"640400",地级市,宁夏回族自治区,"640000",自治区,,,Guyuan,"640400",Gù Yuán,Guyuan,Gù Yuán,"640400",Prefecture City,Ningxia,Níng Xià Huí Zú,"640000",Autonomous Region,"2018",7043.661,"1265","-1","620800,621000,620400,640500","4969",,,,,,,"460","57","1625"
"81",广安市,"511600",广安市,"511600",地级市,四川省,"510000",省,,,Guangan,"511600",Guǎng ān,Guangan,Guǎng ān,"511600",Prefecture City,Sichuan,Sì Chuān,"510000",Province,"2018",10313.779,"2679","216456","511700,500000,510900,511300","143436",,,,,,,"-1","-1","-1"
"82",广元市,"510800",广元市,"510800",地级市,四川省,"510000",省,,,Guangyuan,"510800",Guǎng Yuán,Guangyuan,Guǎng Yuán,"510800",Prefecture City,Sichuan,Sì Chuān,"510000",Province,"2018",9713.732,"3928","995500","511900,510700,511300,610700,621200","28016",,,,,,,"561","203","2823"
"83",广州市,"440100",广州市,"440100",地级市,广东省,"440000",省,,,Guangzhou,"440100",Guǎng Zhōu,Guangzhou,Guǎng Zhōu,"440100",Prefecture City,Guangdong,Guǎng Dōng,"440000",Province,"2018",17484.362,"202559","747559","441800,440200,440600,441900,441300,442000","168045",,,,,,,"305","63","2199"
"84",贵港市,"450800",贵港市,"450800",地级市,广西壮族自治区,"450000",自治区,,,Guigang,"450800",Guì Gǎng,Guigang,Guì Gǎng,"450800",Prefecture City,Guangxi,Guǎng Xī,"450000",Autonomous Region,"2018",13840.969,"4616","819100","450400,451300,450700,450900,450100","69632",,,,,,,"548","97","3248"
"85",贵阳市,"520100",贵阳市,"520100",地级市,贵州省,"520000",省,,,Guiyang,"520100",Guì Yáng,Guiyang,Guì Yáng,"520100",Prefecture City,Guizhou,Guì Zhōu,"520000",Province,"2018",11792.208,"29480","480800","522700,520300,520400,520500","7219",,,,,,,"3404","2458","69091"
"86",桂林市,"450300",桂林市,"450300",地级市,广西壮族自治区,"450000",自治区,,,Guilin,"450300",Guì Lín,Guilin,Guì Lín,"450300",Prefecture City,Guangxi,Guǎng Xī,"450000",Autonomous Region,"2018",14842.711,"12780","2565600","430500,431200,450400,451300,451100,450200,431100","47247",,,,,,,"399","144","7290"
"87",果洛藏族自治州,"632600",果洛藏族自治州,"632600",自治州,青海省,"630000",省,,,Guoluozangzu,"632600",Guǒ Luò Zàng Zú,Guoluozangzu,Guǒ Luò Zàng Zú,"632600",Autonomous Prefecture,Qinghai,Qīng Hǎi,"630000",Province,"2018",7075.437,"-1","-1","632500,632300,513300,513200,623000,632700,632800","-7",,,,,,,"-1","-1","-1"
"88",哈尔滨市,"230100",哈尔滨市,"230100",地级市,黑龙江省,"230000",省,,,Haerbin,"230100",Hā ěr Bīn,Haerbin,Hā ěr Bīn,"230100",Prefecture City,Heilongjiang,Hēi Lóng Jiāng,"230000",Province,"2018",7218.104,"29329","1847500","230700,230900,230800,220200,231200,231000,222400,220700,230600,220100","71416",,,,,,,"117","45","964"
"89",哈密市,"650500",哈密市,"650500",地级市,新疆维吾尔自治区,"650000",自治区,哈密地区,2016年撤销哈密地区，设立哈密市,Hami,"650500",Hā Mì,Hami,Hā Mì,"650500",Prefecture City,Xinjiang,Xīn Jiāng,"650000",Autonomous Region,"2018",3011.45,"3666","-1","650400,652300,652800,620900","3358",,,,,,,"304","101","1186"
"90",海北藏族自治州,"632200",海北藏族自治州,"632200",自治州,青海省,"630000",省,,,Haibeizangzu,"632200",Hǎi Běi Zàng Zú,Haibeizangzu,Hǎi Běi Zàng Zú,"632200",Autonomous Prefecture,Qinghai,Qīng Hǎi,"630000",Province,"2018",5847.562,"-1","-1","632500,630200,630100,620600,620700,632800","14703",,,,,,,"-1","-1","-1"
"91",海东市,"630200",海东市,"630200",地级市,青海省,"630000",省,,,Haidong,"630200",Hǎi Dōng,Haidong,Hǎi Dōng,"630200",Prefecture City,Qinghai,Qīng Hǎi,"630000",Province,"2018",5961.344,"793","-1","632500,632300,622900,620100,630100,620600,632200,623000","34135",,,,,,,"-1","-1","-1"
"92",海口市,"460100",海口市,"460100",地级市,海南省,"460000",省,,,Haikou,"460100",Hǎi Kǒu,Haikou,Hǎi Kǒu,"460100",Prefecture City,Hainan,Hǎi Nán,"460000",Province,"2018",17799.304,"19149","264200","469021,469023,469005","-3",,,,,,,"276","169","-1"
"93",海南藏族自治州,"632500",海南藏族自治州,"632500",自治州,青海省,"630000",省,,,Hainanzangzu,"632500",Hǎi Nán Zàng Zú,Hainanzangzu,Hǎi Nán Zàng Zú,"632500",Autonomous Prefecture,Qinghai,Qīng Hǎi,"630000",Province,"2018",6788.92,"-1","-1","632300,630200,630100,632200,632600,632800","9739",,,,,,,"-1","-1","-1"
"94",海西蒙古族藏族自治州,"632800",海西蒙古族藏族自治州,"632800",自治州,青海省,"630000",省,,,Haiximengguzuzangzu,"632800",Hǎi Xī Měng Gǔ Zú Zàng Zú,Haiximengguzuzangzu,Hǎi Xī Měng Gǔ Zú Zàng Zú,"632800",Autonomous Prefecture,Qinghai,Qīng Hǎi,"630000",Province,"2018",5049.587,"-1","-1","632500,632200,620700,632600,540600,632700,652800,620900","4763",,,,,,,"-1","-1","-1"
"95",邯郸市,"130400",邯郸市,"130400",地级市,河北省,"130000",省,,,Handan,"130400",Hán Dān,Handan,Hán Dān,"130400",Prefecture City,Hebei,Hé Běi,"130000",Province,"2018",6717.014,"9574","78500","140400,140700,371500,130500,410900,410500","30543",,,,,,,"300","145","4056"
"96",汉中市,"610700",汉中市,"610700",地级市,陕西省,"610000",省,,,Hanzhong,"610700",Hàn Zhōng,Hanzhong,Hàn Zhōng,"610700",Prefecture City,Shaanxi,Shǎn Xī,"610000",Province,"2018",9402.29,"3333","1449200","511900,511700,610100,610900,510800,621200,610300","108600",,,,,,,"444","49","2214"
"97",杭州市,"330100",杭州市,"330100",地级市,浙江省,"330000",省,,,Hangzhou,"330100",Háng Zhōu,Hangzhou,Háng Zhōu,"330100",Prefecture City,Zhejiang,Zhè Jiāng,"330000",Province,"2018",16220.876,"76667","1462357","341800,330500,341000,330600,330400,330700,330800","73230",,,,,,,"534","223","4551"
"98",合肥市,"340100",合肥市,"340100",地级市,安徽省,"340000",省,,,Hefei,"340100",Hé Féi,Hefei,Hé Féi,"340100",Prefecture City,Anhui,ān Huī,"340000",Province,"2018",13391.539,"46358","543100","341100,340500,340400,340200,340700,340800,341500","55495",,,,,,,"360","91","3319"
"99",和田地区,"653200",和田地区,"653200",地区,新疆维吾尔自治区,"650000",自治区,,,Hetian,"653200",Hé Tián,Hetian,Hé Tián,"653200",Prefecture,Xinjiang,Xīn Jiāng,"650000",Autonomous Region,"2018",3364.745,"-1","-1","659009,653100,652900,542500,652800","-5",,,,,,,"-1","-1","-1"
"100",河池市,"451200",河池市,"451200",地级市,广西壮族自治区,"450000",自治区,,,Hechi,"451200",Hé Chí,Hechi,Hé Chí,"451200",Prefecture City,Guangxi,Guǎng Xī,"450000",Autonomous Region,"2018",12586.011,"3599","2442825","451300,450200,450100,522600,522700,451000","71592",,,,,,,"443","144","4856"
"101",河源市,"441600",河源市,"441600",地级市,广东省,"440000",省,,,Heyuan,"441600",Hé Yuán,Heyuan,Hé Yuán,"441600",Prefecture City,Guangdong,Guǎng Dōng,"440000",Province,"2018",14521.349,"5220","1256126","441400,440200,360700,441500,441300","56652",,,,,,,"645","118","3947"
"102",菏泽市,"371700",菏泽市,"371700",地级市,山东省,"370000",省,,,Heze,"371700",Hé Zé,Heze,Hé Zé,"371700",Prefecture City,Shandong,Shān Dōng,"370000",Province,"2018",8387.388,"4491","218400","341300,411400,370800,410900,320300,410200,410700","55633",,,,,,,"423","245","4430"
"103",贺州市,"451100",贺州市,"451100",地级市,广西壮族自治区,"450000",自治区,,,Hezhou,"451100",Hè Zhōu,Hezhou,Hè Zhōu,"451100",Prefecture City,Guangxi,Guǎng Xī,"450000",Autonomous Region,"2018",14109.616,"2037","853000","450400,450300,431100,441800,441200","52621",,,,,,,"300","122","4312"
"104",鹤壁市,"410600",鹤壁市,"410600",地级市,河南省,"410000",省,,,Hebi,"410600",Hè Bì,Hebi,Hè Bì,"410600",Prefecture City,Henan,Hé Nán,"410000",Province,"2018",6885.808,"3620","26778","410500,410700","12744",,,,,,,"257","135","3078"
"105",鹤岗市,"230400",鹤岗市,"230400",地级市,黑龙江省,"230000",省,,,Hegang,"230400",Hè Gǎng,Hegang,Hè Gǎng,"230400",Prefecture City,Heilongjiang,Hēi Lóng Jiāng,"230000",Province,"2018",6618.022,"2252","315400","230700,230800","5419",,,,,,,"275","56","1445"
"106",黑河市,"231100",黑河市,"231100",地级市,黑龙江省,"230000",省,,,Heihe,"231100",Hēi Hé,Heihe,Hēi Hé,"231100",Prefecture City,Heilongjiang,Hēi Lóng Jiāng,"230000",Province,"2018",6680.938,"600","1603900","232700,150700,230200,230700,231200","4373",,,,,,,"141","47","1119"
"107",衡水市,"131100",衡水市,"131100",地级市,河北省,"130000",省,,,Hengshui,"131100",Héng Shuǐ,Hengshui,Héng Shuǐ,"131100",Prefecture City,Hebei,Hé Běi,"130000",Province,"2018",5678.739,"3013","48900","371400,130900,130600,130100,130500","42034",,,,,,,"479","87","2088"
"108",衡阳市,"430400",衡阳市,"430400",地级市,湖南省,"430000",省,,,Hengyang,"430400",Héng Yáng,Hengyang,Héng Yáng,"430400",Prefecture City,Hunan,Hú Nán,"430000",Province,"2018",12836.504,"11584","838700","430500,431300,431100,430300,431000,430200","47797",,,,,,,"884","869","56722"
"109",红河哈尼族彝族自治州,"532500",红河哈尼族彝族自治州,"532500",自治州,云南省,"530000",省,,,Honghehanizuyizu,"532500",Hóng Hé Hā Ní Zú Yí Zú,Honghehanizuyizu,Hóng Hé Hā Ní Zú Yí Zú,"532500",Autonomous Prefecture,Yunnan,Yún Nán,"530000",Province,"2018",11890.275,"-1","-1","532600,530400,530300,530100,530800","41799",,,,,,,"-1","-1","-1"
"110",呼和浩特市,"150100",呼和浩特市,"150100",地级市,内蒙古自治区,"150000",自治区,,,Huhehaote,"150100",Hū Hé Hào Tè,Huhehaote,Hū Hé Hào Tè,"150100",Prefecture City,Neimenggu,Nèi Měng Gǔ,"150000",Autonomous Region,"2018",5700.289,"12005","114636","140900,140600,150600,150200,150900","22398",,,,,,,"433","82","1733"
"111",呼伦贝尔市,"150700",呼伦贝尔市,"150700",地级市,内蒙古自治区,"150000",自治区,,,Hulunbeier,"150700",Hū Lún Bèi ěr,Hulunbeier,Hū Lún Bèi ěr,"150700",Prefecture City,Neimenggu,Nèi Měng Gǔ,"150000",Autonomous Region,"2018",5153.003,"1797","3161937","231100,232700,230200,152200","597",,,,,,,"459","127","2827"
"112",葫芦岛市,"211400",葫芦岛市,"211400",地级市,辽宁省,"210000",省,,,Huludao,"211400",Hú Lú Dǎo,Huludao,Hú Lú Dǎo,"211400",Prefecture City,Liaoning,Liáo Níng,"210000",Province,"2018",5313.822,"3659","81100","211300,130300,210700","10917",,,,,,,"175","86","2933"
"113",湖州市,"330500",湖州市,"330500",地级市,浙江省,"330000",省,,,Huzhou,"330500",Hú Zhōu,Huzhou,Hú Zhōu,"330500",Prefecture City,Zhejiang,Zhè Jiāng,"330000",Province,"2018",14312.711,"9225","522577","341800,320200,330100,320500,330400","182024",,,,,,,"271","103","5108"
"114",怀化市,"431200",怀化市,"431200",地级市,湖南省,"430000",省,,,Huaihua,"431200",Huái Huà,Huaihua,Huái Huà,"431200",Prefecture City,Hunan,Hú Nán,"430000",Province,"2018",12566.199,"4554","1478477","430500,431300,433100,450200,450300,430700,430800,430900,522600,520600","59313",,,,,,,"641","110","4189"
"115",淮安市,"320800",淮安市,"320800",地级市,江苏省,"320000",省,,,Huaian,"320800",Huái ān,Huaian,Huái ān,"320800",Prefecture City,Jiangsu,Jiāng Sū,"320000",Province,"2018",11045.722,"13138","383280","321000,341100,321300,320700,320900","47372",,,,,,,"697","689","43818"
"116",淮北市,"340600",淮北市,"340600",地级市,安徽省,"340000",省,,,Huaibei,"340600",Huái Běi,Huaibei,Huái Běi,"340600",Prefecture City,Anhui,ān Huī,"340000",Province,"2018",9740.894,"3580","131523","340300,341600,341300,411400,320300","38999",,,,,,,"97","71","2227"
"117",淮南市,"340400",淮南市,"340400",地级市,安徽省,"340000",省,,,Huainan,"340400",Huái Nán,Huainan,Huái Nán,"340400",Prefecture City,Anhui,ān Huī,"340000",Province,"2018",12019.559,"6780","250100","340300,341100,340100,341500,341200,341600","74000",,,,,,,"489","98","4861"
"118",黄冈市,"421100",黄冈市,"421100",地级市,湖北省,"420000",省,,,Huanggang,"421100",Huáng Gāng,Huanggang,Huáng Gāng,"421100",Prefecture City,Hubei,Hú Běi,"420000",Province,"2018",12615.211,"3306","847045","420700,420200,420100,340800,411500,341500,360400,420900","157926",,,,,,,"1238","202","3073"
"119",黄南藏族自治州,"632300",黄南藏族自治州,"632300",自治州,青海省,"630000",省,,,Huangnanzangzu,"632300",Huáng Nán Zàng Zú,Huangnanzangzu,Huáng Nán Zàng Zú,"632300",Autonomous Prefecture,Qinghai,Qīng Hǎi,"630000",Province,"2018",7031.454,"-1","-1","632500,630200,632600,623000","790",,,,,,,"-1","-1","-1"
"120",黄山市,"341000",黄山市,"341000",地级市,安徽省,"340000",省,,,Huangshan,"341000",Huáng Shān,Huangshan,Huáng Shān,"341000",Prefecture City,Anhui,ān Huī,"340000",Province,"2018",15337.942,"3947","901200","341800,330100,341700,330800,361100,360200","98529",,,,,,,"-1","-1","-1"
"121",黄石市,"420200",黄石市,"420200",地级市,湖北省,"420000",省,,,Huangshi,"420200",Huáng Shí,Huangshi,Huáng Shí,"420200",Prefecture City,Hubei,Hú Běi,"420000",Province,"2018",12782.514,"7058","264400","421100,420700,420100,360400,421200","136939",,,,,,,"627","117","4045"
"122",惠州市,"441300",惠州市,"441300",地级市,广东省,"440000",省,,,Huizhou,"441300",Huì Zhōu,Huizhou,Huì Zhōu,"441300",Prefecture City,Guangdong,Guǎng Dōng,"440000",Province,"2018",15879.18,"25934","1255300","441600,440200,441500,440100,441900,440300","379595",,,,,,,"170","53","1458"
"123",鸡西市,"230300",鸡西市,"230300",地级市,黑龙江省,"230000",省,,,Jixi,"230300",Jī Xī,Jixi,Jī Xī,"230300",Prefecture City,Heilongjiang,Hēi Lóng Jiāng,"230000",Province,"2018",6179.125,"-1","-1","230900,230500,231000","7849",,,,,,,"118","53","898"
"124",吉安市,"360800",吉安市,"360800",地级市,江西省,"360000",省,,,Jian,"360800",Jí ān,Jian,Jí ān,"360800",Prefecture City,Jiangxi,Jiāng Xī,"360000",Province,"2018",15191.442,"3911","1570400","360300,360500,360900,361000,360700,431000,430200","54460",,,,,,,"320","86","1821"
"125",吉林市,"220200",吉林市,"220200",地级市,吉林省,"220000",省,,,Jilin,"220200",Jí Lín,Jilin,Jí Lín,"220200",Prefecture City,Jilin,Jí Lín,"220000",Province,"2018",8522.428,"8179","966900","220500,220600,230100,222400,220300,220100,220400","63790",,,,,,,"292","43","1538"
"126",济南市,"370100",济南市,"370100",地级市,山东省,"370000",省,,,Jinan,"370100",Jǐ Nán,Jinan,Jǐ Nán,"370100",Prefecture City,Shandong,Shān Dōng,"370000",Province,"2018",7651.578,"29128","194500","371500,371400,371600,370900,370300","43496",,,,,,,"532","306","16083"
"127",济源市,"419001",不统计,"0",不统计,河南省,"410000",省,,,Jiyuan,"419001",Jǐ Yuán,NULL,NULL,"0",NULL,Henan,Hé Nán,"410000",Province,"2018",7075.292,"-1","-1","410300,410800,140500,140800","22895",,,,,,,"-1","-1","-1"
"128",佳木斯市,"230800",佳木斯市,"230800",地级市,黑龙江省,"230000",省,,,Jiamusi,"230800",Jiā Mù Sī,Jiamusi,Jiā Mù Sī,"230800",Prefecture City,Heilongjiang,Hēi Lóng Jiāng,"230000",Province,"2018",6290.704,"2840","523500","230400,230700,230900,230500,230100","38533",,,,,,,"530","133","-1"
"129",嘉兴市,"330400",嘉兴市,"330400",地级市,浙江省,"330000",省,,,Jiaxing,"330400",Jiā Xīng,Jiaxing,Jiā Xīng,"330400",Prefecture City,Zhejiang,Zhè Jiāng,"330000",Province,"2018",14246.476,"7733","365060","330500,330100,330600,320500,310000,330200","477351",,,,,,,"459","233","7043"
"130",嘉峪关市,"620200",嘉峪关市,"620200",地级市,甘肃省,"620000",省,,,Jiayuguan,"620200",Jiā Yù Guān,Jiayuguan,Jiā Yù Guān,"620200",Prefecture City,Gansu,Gān Sù,"620000",Province,"2018",2208.905,"1557","-1","620700,620900","4769",,,,,,,"264","94","1039"
"131",江门市,"440700",江门市,"440700",地级市,广东省,"440000",省,,,Jiangmen,"440700",Jiāng Mén,Jiangmen,Jiāng Mén,"440700",Prefecture City,Guangdong,Guǎng Dōng,"440000",Province,"2018",19644.139,"21092","1596000","441700,445300,440600,442000,440400","169552",,,,,,,"801","101","6899"
"132",焦作市,"410800",焦作市,"410800",地级市,河南省,"410000",省,,,Jiaozuo,"410800",Jiāo Zuò,Jiaozuo,Jiāo Zuò,"410800",Prefecture City,Henan,Hé Nán,"410000",Province,"2018",7044.314,"4516","73065","410300,410100,419001,140500,410700","55886",,,,,,,"129","129","1804"
"133",揭阳市,"445200",揭阳市,"445200",地级市,广东省,"440000",省,,,Jieyang,"445200",Jiē Yáng,Jieyang,Jiē Yáng,"445200",Prefecture City,Guangdong,Guǎng Dōng,"440000",Province,"2018",15702.486,"6930","637091","441400,441500,440500,445100","32674",,,,,,,"455","445","65668"
"134",金昌市,"620300",金昌市,"620300",地级市,甘肃省,"620000",省,,,Jinchang,"620300",Jīn Chāng,Jinchang,Jīn Chāng,"620300",Prefecture City,Gansu,Gān Sù,"620000",Province,"2018",4141.796,"1842","-1","152900,620600,620700","4961",,,,,,,"625","94","1929"
"135",金华市,"330700",金华市,"330700",地级市,浙江省,"330000",省,,,Jinhua,"330700",Jīn Huá,Jinhua,Jīn Huá,"330700",Prefecture City,Zhejiang,Zhè Jiāng,"330000",Province,"2018",14003.646,"8765","588018","330100,330600,331000,330800,331100","136971",,,,,,,"591","176","2921"
"136",锦州市,"210700",锦州市,"210700",地级市,辽宁省,"210000",省,,,Jinzhou,"210700",Jǐn Zhōu,Jinzhou,Jǐn Zhōu,"210700",Prefecture City,Liaoning,Liáo Níng,"210000",Province,"2018",5569.231,"-1","61445","211400,211300,210900,210100,210300,211100","81512",,,,,,,"342","148","4092"
"137",晋城市,"140500",晋城市,"140500",地级市,山西省,"140000",省,,,Jincheng,"140500",Jìn Chéng,Jincheng,Jìn Chéng,"140500",Prefecture City,Shanxi,Shān Xī,"140000",Province,"2018",6616.919,"3141","-1","410800,419001,141000,140800,140400,410700","23518",,,,,,,"132","70","1639"
"138",晋中市,"140700",晋中市,"140700",地级市,山西省,"140000",省,,,Jinzhong,"140700",Jìn Zhōng,Jinzhong,Jìn Zhōng,"140700",Prefecture City,Shanxi,Shān Xī,"140000",Province,"2018",5615.403,"2995","175667","141000,140400,140100,140300,141100,130100,130500,130400","46655",,,,,,,"221","39","1629"
"139",荆门市,"420800",荆门市,"420800",地级市,湖北省,"420000",省,,,Jingmen,"420800",Jīng Mén,Jingmen,Jīng Mén,"420800",Prefecture City,Hubei,Hú Běi,"420000",Province,"2018",10372.911,"4358","362800","429006,420900,420600,421300,420500,421000,429005","39152",,,,,,,"509","134","2501"
"140",荆州市,"421000",荆州市,"421000",地级市,湖北省,"420000",省,,,Jingzhou,"421000",Jīng Zhōu,Jingzhou,Jīng Zhōu,"421000",Prefecture City,Hubei,Hú Běi,"420000",Province,"2018",11774.332,"7299","768177","420100,421200,429004,430700,420500,430900,429005,420800,430600","156422",,,,,,,"227","63","1576"
"141",景德镇市,"360200",景德镇市,"360200",地级市,江西省,"360000",省,,,Jingdezhen,"360200",Jǐng Dé Zhèn,Jingdezhen,Jǐng Dé Zhèn,"360200",Prefecture City,Jiangxi,Jiāng Xī,"360000",Province,"2018",17736.706,"4092","498400","341000,341700,361100","13161",,,,,,,"703","282","17031"
"142",九江市,"360400",九江市,"360400",地级市,江西省,"360000",省,,,Jiujiang,"360400",Jiǔ Jiāng,Jiujiang,Jiǔ Jiāng,"360400",Prefecture City,Jiangxi,Jiāng Xī,"360000",Province,"2018",15554.722,"7943","1040000","341700,421100,420200,340800,421200,360100,361100,360900,430600","77544",,,,,,,"360","241","3255"
"143",酒泉市,"620900",酒泉市,"620900",地级市,甘肃省,"620000",省,,,Jiuquan,"620900",Jiǔ Quán,Jiuquan,Jiǔ Quán,"620900",Prefecture City,Gansu,Gān Sù,"620000",Province,"2018",4219.399,"2405","-1","152900,620700,620200,632800,652800,650500","7584",,,,,,,"80","16","-1"
"144",喀什地区,"653100",喀什地区,"653100",地区,新疆维吾尔自治区,"650000",自治区,,,Kashi,"653100",Kā Shí,Kashi,Kā Shí,"653100",Prefecture,Xinjiang,Xīn Jiāng,"650000",Autonomous Region,"2018",1929.229,"-1","-1","653200,659003,652900,653000","-4",,,,,,,"-1","-1","-1"
"145",开封市,"410200",开封市,"410200",地级市,河南省,"410000",省,,,Kaifeng,"410200",Kāi Fēng,Kaifeng,Kāi Fēng,"410200",Prefecture City,Henan,Hé Nán,"410000",Province,"2018",6638.612,"7403","92739","411000,410100,411400,371700,410700,411600","59775",,,,,,,"654","191","6334"
"146",可克达拉市,"659008",不统计,"0",不统计,新疆维吾尔自治区,"650000",自治区,,2015年新设县级可克达拉市，省直管,Kekedala,"659008",Kě Kè Dá Lā,NULL,NULL,"0",NULL,Xinjiang,Xīn Jiāng,"650000",Autonomous Region,"2018",3557.87,"-1","-1","654000","-1",,,,,,,"-1","-1","-1"
"147",克拉玛依市,"650200",克拉玛依市,"650200",地级市,新疆维吾尔自治区,"650000",自治区,,,Kelamayi,"650200",Kè Lā Mǎ Yī,Kelamayi,Kè Lā Mǎ Yī,"650200",Prefecture City,Xinjiang,Xīn Jiāng,"650000",Autonomous Region,"2018",2014.105,"13651","57705","654000,654200","-2",,,,,,,"381","113","2092"
"148",克孜勒苏柯尔克孜自治州,"653000",克孜勒苏柯尔克孜自治州,"653000",自治州,新疆维吾尔自治区,"650000",自治区,,,Kezilesukeerkezi,"653000",Kè Zī Lè Sū Kē ěr Kè Zī,Kezilesukeerkezi,Kè Zī Lè Sū Kē ěr Kè Zī,"653000",Autonomous Prefecture,Xinjiang,Xīn Jiāng,"650000",Autonomous Region,"2018",2539.185,"-1","-1","653100,652900","-2",,,,,,,"-1","-1","-1"
"149",昆明市,"530100",昆明市,"530100",地级市,云南省,"530000",省,,,Kunming,"530100",Kūn Míng,Kunming,Kūn Míng,"530100",Prefecture City,Yunnan,Yún Nán,"530000",Province,"2018",10279.021,"32010","650600","532500,530400,530300,513400,530600,532300","10121",,,,,,,"387","94","3025"
"150",昆玉市,"659009",不统计,"0",不统计,新疆维吾尔自治区,"650000",自治区,,2016年新设县级昆玉市,Kunyu,"659009",Kūn Yù,Kunyu,Kūn Yù,"0",NULL,Xinjiang,Xīn Jiāng,"650000",Autonomous Region,"2018",2654.837,"-1","-1","653200","-1",,,,,,,"-1","-1","-1"
"151",拉萨市,"540100",拉萨市,"540100",地级市,西藏自治区,"540000",自治区,,,Lasa,"540100",Lā Sà,Lasa,Lā Sà,"540100",Prefecture City,Xizang,Xī Zàng,"540000",Autonomous Region,"2018",6131.754,"7403","922200","540400,540500,540200,540600","-4",,,,,,,"552","230","3892"
"152",来宾市,"451300",来宾市,"451300",地级市,广西壮族自治区,"450000",自治区,,,Laibin,"451300",Lái Bīn,Laibin,Lái Bīn,"451300",Prefecture City,Guangxi,Guǎng Xī,"450000",Autonomous Region,"2018",13458.266,"2854","1060000","450800,450400,450200,450300,451200,450100","92832",,,,,,,"232","-1","-1"
"153",兰州市,"620100",兰州市,"620100",地级市,甘肃省,"620000",省,,,Lanzhou,"620100",Lán Zhōu,Lanzhou,Lán Zhōu,"620100",Prefecture City,Gansu,Gān Sù,"620000",Province,"2018",5486.674,"22592","35272","630200,622900,620400,621100,620600","6427",,,,,,,"220","74","1691"
"154",廊坊市,"131000",廊坊市,"131000",地级市,河北省,"130000",省,,,Langfang,"131000",Láng Fáng,Langfang,Láng Fáng,"131000",Prefecture City,Hebei,Hé Běi,"130000",Province,"2018",5932.338,"5153","80400","110000,130900,130600,120000","202609",,,,,,,"783","57","2068"
"155",乐东黎族自治县,"469027",不统计,"0",不统计,海南省,"460000",省,,,Ledonglizu,"469027",Lè Dōng Lí Zú,NULL,NULL,"0",NULL,Hainan,Hǎi Nán,"460000",Province,"2018",16096.454,"-1","-1","469007,469026,460200,469025,469001,469029","11262",,,,,,,"-1","-1","-1"
"156",乐山市,"511100",乐山市,"511100",地级市,四川省,"510000",省,,,Leshan,"511100",Lè Shān,Leshan,Lè Shān,"511100",Prefecture City,Sichuan,Sì Chuān,"510000",Province,"2018",14302.851,"5119","1527800","511400,510300,511800,513400,511500","18013",,,,,,,"246","121","1334"
"157",丽江市,"530700",丽江市,"530700",地级市,云南省,"530000",省,,,Lijiang,"530700",Lì Jiāng,Lijiang,Lì Jiāng,"530700",Prefecture City,Yunnan,Yún Nán,"530000",Province,"2018",10034.45,"2188","657100","533300,513400,510400,533400,532300,532900","-6",,,,,,,"351","116","3845"
"158",丽水市,"331100",丽水市,"331100",地级市,浙江省,"330000",省,,,Lishui,"331100",Lí Shuǐ,Lishui,Lí Shuǐ,"331100",Prefecture City,Zhejiang,Zhè Jiāng,"330000",Province,"2018",14642.667,"4175","1332581","331000,330700,330800,350900,330300,350700","60038",,,,,,,"829","171","13310"
"159",连云港市,"320700",连云港市,"320700",地级市,江苏省,"320000",省,,,Lianyungang,"320700",Lián Yún Gǎng,Lianyungang,Lián Yún Gǎng,"320700",Prefecture City,Jiangsu,Jiāng Sū,"320000",Province,"2018",9581.029,"10585","125000","321300,320800,371300,320300,371100,320900","67862",,,,,,,"-1","-1","-1"
"160",凉山彝族自治州,"513400",凉山彝族自治州,"513400",自治州,四川省,"510000",省,,,Liangshanyizu,"513400",Liáng Shān Yí Zú,Liangshanyizu,Liáng Shān Yí Zú,"513400",Autonomous Prefecture,Sichuan,Sì Chuān,"510000",Province,"2018",10554.602,"-1","-1","511100,513300,511800,530100,530700,510400,533400,511500,530600,532300","49705",,,,,,,"-1","-1","-1"
"161",辽阳市,"211000",辽阳市,"211000",地级市,辽宁省,"210000",省,,,Liaoyang,"211000",Liáo Yáng,Liaoyang,Liáo Yáng,"211000",Prefecture City,Liaoning,Liáo Níng,"210000",Province,"2018",6410.969,"4926","63602","210100,210600,210500,210300","74255",,,,,,,"234","78","1846"
"162",辽源市,"220400",辽源市,"220400",地级市,吉林省,"220000",省,,,Liaoyuan,"220400",Liáo Yuán,Liaoyuan,Liáo Yuán,"220400",Prefecture City,Jilin,Jí Lín,"220000",Province,"2018",7389.167,"3341","71500","220500,220200,211200,220300,210400","23701",,,,,,,"276","97","2566"
"163",聊城市,"371500",聊城市,"371500",地级市,山东省,"370000",省,,,Liaocheng,"371500",Liáo Chéng,Liaocheng,Liáo Chéng,"371500",Prefecture City,Shandong,Shān Dōng,"370000",Province,"2018",6499.718,"4417","130300","371400,130500,410900,370900,370100,130400","61845",,,,,,,"818","-1","18473"
"164",林芝市,"540400",林芝市,"540400",地级市,西藏自治区,"540000",自治区,林芝地区,2015年撤销林芝地区，设立林芝市,Linzhi,"540400",Lín Zhī,Linzhi,Lín Zhī,"540400",Prefecture City,Xizang,Xī Zàng,"540000",Autonomous Region,"2018",6948.342,"-1","-1","540100,540300,540500,540600,533300,533400","7398",,,,,,,"153","62","1484"
"165",临沧市,"530900",临沧市,"530900",地级市,云南省,"530000",省,,,Lincang,"530900",Lín Cāng,Lincang,Lín Cāng,"530900",Prefecture City,Yunnan,Yún Nán,"530000",Province,"2018",12014.928,"1162","1562000","530800,530500,532900","3558",,,,,,,"345","120","2918"
"166",临汾市,"141000",临汾市,"141000",地级市,山西省,"140000",省,,,Linfen,"141000",Lín Fén,Linfen,Lín Fén,"141000",Prefecture City,Shanxi,Shān Xī,"140000",Province,"2018",5720.956,"2322","101556","140500,610500,610600,140800,140400,140700,141100","21594",,,,,,,"513","-1","2045"
"167",临高县,"469024",不统计,"0",不统计,海南省,"460000",省,,,Lingao,"469024",Lín Gāo,NULL,NULL,"0",NULL,Hainan,Hǎi Nán,"460000",Province,"2018",20990.248,"-1","-1","460400,469023","-2",,,,,,,"-1","-1","-1"
"168",临夏回族自治州,"622900",临夏回族自治州,"622900",自治州,甘肃省,"620000",省,,,Linxiahuizu,"622900",Lín Xià Huí Zú,Linxiahuizu,Lín Xià Huí Zú,"622900",Autonomous Prefecture,Gansu,Gān Sù,"620000",Province,"2018",6748.995,"-1","-1","630200,620100,621100,623000","24067",,,,,,,"-1","-1","-1"
"169",临沂市,"371300",临沂市,"371300",地级市,山东省,"370000",省,,,Linyi,"371300",Lín Yí,Linyi,Lín Yí,"371300",Prefecture City,Shandong,Shān Dōng,"370000",Province,"2018",8825.319,"14281","430100","370400,370800,320300,320700,371100,370900,370300,370700","84480",,,,,,,"-1","-1","-1"
"170",陵水黎族自治县,"469028",不统计,"0",不统计,海南省,"460000",省,,,Lingshuilizu,"469028",Líng Shuǐ Lí Zú,NULL,NULL,"0",NULL,Hainan,Hǎi Nán,"460000",Province,"2018",16709.14,"-1","-1","469030,469006,460200,469029","11264",,,,,,,"-1","-1","-1"
"171",柳州市,"450200",柳州市,"450200",地级市,广西壮族自治区,"450000",自治区,,,Liuzhou,"450200",Liǔ Zhōu,Liuzhou,Liǔ Zhōu,"450200",Prefecture City,Guangxi,Guǎng Xī,"450000",Autonomous Region,"2018",13069.553,"17545","1317000","431200,451300,450300,451200,522600","23786",,,,,,,"437","428","-1"
"172",六安市,"341500",六安市,"341500",地级市,安徽省,"340000",省,,,Liuan,"341500",Liù ān,Liuan,Liù ān,"341500",Prefecture City,Anhui,ān Huī,"340000",Province,"2018",13087.06,"5281","1198500","340400,340100,421100,340800,411500,341200","73253",,,,,,,"390","182","4426"
"173",六盘水市,"520200",六盘水市,"520200",地级市,贵州省,"520000",省,,,Liupanshui,"520200",Liù Pán Shuǐ,Liupanshui,Liù Pán Shuǐ,"520200",Prefecture City,Guizhou,Guì Zhōu,"520000",Province,"2018",11420.335,"2941","437700","530300,522300,520400,520500","12234",,,,,,,"-1","-1","-1"
"174",龙岩市,"350800",龙岩市,"350800",地级市,福建省,"350000",省,,,Longyan,"350800",Lóng Yán,Longyan,Lóng Yán,"350800",Prefecture City,Fujian,Fú Jiàn,"350000",Province,"2018",14548.453,"4974","1035200","350500,350400,350600,441400,360700","43367",,,,,,,"162","67","1665"
"175",陇南市,"621200",陇南市,"621200",地级市,甘肃省,"620000",省,,,Longnan,"621200",Lǒng Nán,Longnan,Lǒng Nán,"621200",Prefecture City,Gansu,Gān Sù,"620000",Province,"2018",7778.585,"600","-1","510700,510800,610700,610300,621100,620500,513200,623000","26051",,,,,,,"36","8","-1"
"176",娄底市,"431300",娄底市,"431300",地级市,湖南省,"430000",省,,,Loudi,"431300",Lóu Dǐ,Loudi,Lóu Dǐ,"431300",Prefecture City,Hunan,Hú Nán,"430000",Province,"2018",12050.894,"4775","410200","430500,431200,430300,430100,430400,430900","100324",,,,,,,"741","35","1907"
"177",泸州市,"510500",泸州市,"510500",地级市,四川省,"510000",省,,,Luzhou,"510500",Lú Zhōu,Luzhou,Lú Zhōu,"510500",Prefecture City,Sichuan,Sì Chuān,"510000",Province,"2018",10947.043,"8062","648704","500000,511000,510300,520300,520500,511500,530600","146212",,,,,,,"178","68","4033"
"178",洛阳市,"410300",洛阳市,"410300",地级市,河南省,"410000",省,,,Luoyang,"410300",Luò Yáng,Luoyang,Luò Yáng,"410300",Prefecture City,Henan,Hé Nán,"410000",Province,"2018",7571.921,"10765","188309","411200,410400,411300,410100,410800,419001,140800","61682",,,,,,,"914","193","4829"
"179",漯河市,"411100",漯河市,"411100",地级市,河南省,"410000",省,,,Luohe,"411100",Luò Hé,Luohe,Luò Hé,"411100",Prefecture City,Henan,Hé Nán,"410000",Province,"2018",8868.238,"2570","-1","411700,410400,411000,411600","21082",,,,,,,"645","127","437"
"180",吕梁市,"141100",吕梁市,"141100",地级市,山西省,"140000",省,,,Lüliang,"141100",Lǚ Liáng,Lüliang,Lǚ Liáng,"141100",Prefecture City,Shanxi,Shān Xī,"140000",Province,"2018",6052.61,"1297","187657","140900,610800,141000,610600,140700,140100","8957",,,,,,,"308","55","785"
"181",马鞍山市,"340500",马鞍山市,"340500",地级市,安徽省,"340000",省,,,Maanshan,"340500",Mǎ ān Shān,Maanshan,Mǎ ān Shān,"340500",Prefecture City,Anhui,ān Huī,"340000",Province,"2018",12083.711,"8363","213100","341100,320100,341800,340200,340100","162939",,,,,,,"258","85","2066"
"182",茂名市,"440900",茂名市,"440900",地级市,广东省,"440000",省,,,Maoming,"440900",Mào Míng,Maoming,Mào Míng,"440900",Prefecture City,Guangdong,Guǎng Dōng,"440000",Province,"2018",15758.224,"7677","1224353","450400,441700,450900,445300,440800","35600",,,,,,,"569","110","4363"
"183",眉山市,"511400",眉山市,"511400",地级市,四川省,"510000",省,,,Meishan,"511400",Méi Shān,Meishan,Méi Shān,"511400",Prefecture City,Sichuan,Sì Chuān,"510000",Province,"2018",13159.689,"4169","628600","511100,510100,511000,512000,510300,511800","113321",,,,,,,"269","114","2020"
"184",梅州市,"441400",梅州市,"441400",地级市,广东省,"440000",省,,,Meizhou,"441400",Méi Zhōu,Meizhou,Méi Zhōu,"441400",Prefecture City,Guangdong,Guǎng Dōng,"440000",Province,"2018",13744.402,"5451","1145900","350800,350600,441600,360700,445200,441500,445100","40382",,,,,,,"478","136","3663"
"185",绵阳市,"510700",绵阳市,"510700",地级市,四川省,"510000",省,,,Mianyang,"510700",Mián Yáng,Mianyang,Mián Yáng,"510700",Prefecture City,Sichuan,Sì Chuān,"510000",Province,"2018",9704.974,"10111","1381300","510600,510900,510800,511300,621200,513200","22474",,,,,,,"415","152","3115"
"186",牡丹江市,"231000",牡丹江市,"231000",地级市,黑龙江省,"230000",省,,,Mudanjiang,"231000",Mǔ Dān Jiāng,Mudanjiang,Mǔ Dān Jiāng,"231000",Prefecture City,Heilongjiang,Hēi Lóng Jiāng,"230000",Province,"2018",7679.84,"3476","1082300","230900,230300,230100,222400","31625",,,,,,,"100","61","1182"
"187",那曲市,"540600",那曲市,"540600",地级市,西藏自治区,"540000",自治区,那曲地区,2017年撤销那曲地区，设立那曲市,Naqu,"540600",Nà Qū,Naqu,Nà Qū,"540600",Prefecture City,Xizang,Xī Zàng,"540000",Autonomous Region,"2018",6856.968,"-1","-1","542500,540100,540400,540300,540200,632700,632800,652800","7396",,,,,,,"346","108","1324"
"188",南昌市,"360100",南昌市,"360100",地级市,江西省,"360000",省,,,Nanchang,"360100",Nán Chāng,Nanchang,Nán Chāng,"360100",Prefecture City,Jiangxi,Jiāng Xī,"360000",Province,"2018",15184.711,"35733","631900","360400,361100,360900,361000","24691",,,,,,,"-1","-1","-1"
"189",南充市,"511300",南充市,"511300",地级市,四川省,"510000",省,,,Nanchong,"511300",Nán Chōng,Nanchong,Nán Chōng,"511300",Prefecture City,Sichuan,Sì Chuān,"510000",Province,"2018",9713.343,"9310","432300","511600,511900,511700,510700,510900,510800","31002",,,,,,,"433","101","2652"
"190",南京市,"320100",南京市,"320100",地级市,江苏省,"320000",省,,,Nanjing,"320100",Nán Jīng,Nanjing,Nán Jīng,"320100",Prefecture City,Jiangsu,Jiāng Sū,"320000",Province,"2018",12388.326,"92176","320800","321000,320400,341100,340500,341800,321100","73114",,,,,,,"233","77","1781"
"191",南宁市,"450100",南宁市,"450100",地级市,广西壮族自治区,"450000",自治区,,,Nanning,"450100",Nán Níng,Nanning,Nán Níng,"450100",Prefecture City,Guangxi,Guǎng Xī,"450000",Autonomous Region,"2018",12888.571,"47916","1442000","450800,451300,450700,451400,450600,451200,451000","26220",,,,,,,"569","560","14354"
"192",南平市,"350700",南平市,"350700",地级市,福建省,"350000",省,,,Nanping,"350700",Nán Píng,Nanping,Nán Píng,"350700",Prefecture City,Fujian,Fú Jiàn,"350000",Province,"2018",14975.737,"3259","1534100","360600,330800,361100,331100,350100,350900,350400,361000","60230",,,,,,,"657","168","1679"
"193",南通市,"320600",南通市,"320600",地级市,江苏省,"320000",省,,,Nantong,"320600",Nán Tōng,Nantong,Nán Tōng,"320600",Prefecture City,Jiangsu,Jiāng Sū,"320000",Province,"2018",12215.93,"20973","402134","321200,320500,310000,320900","321524",,,,,,,"1462","1459","105941"
"194",南阳市,"411300",南阳市,"411300",地级市,河南省,"410000",省,,,Nanyang,"411300",Nán Yáng,Nanyang,Nán Yáng,"411300",Prefecture City,Henan,Hé Nán,"410000",Province,"2018",8821.22,"5568","585161","411500,411700,411200,410300,420600,410400,421300,611000,420300","57203",,,,,,,"1025","235","2411"
"195",内江市,"511000",内江市,"511000",地级市,四川省,"510000",省,,,Neijiang,"511000",Nèi Jiāng,Neijiang,Nèi Jiāng,"511000",Prefecture City,Sichuan,Sì Chuān,"510000",Province,"2018",10813.349,"3969","146560","500000,511400,512000,510500,510300","144376",,,,,,,"421","37","2165"
"196",宁波市,"330200",宁波市,"330200",地级市,浙江省,"330000",省,,,Ningbo,"330200",Níng Bō,Ningbo,Níng Bō,"330200",Prefecture City,Zhejiang,Zhè Jiāng,"330000",Province,"2018",14876.073,"53210","666000","330600,330400,331000","58704",,,,,,,"561","333","7625"
"197",宁德市,"350900",宁德市,"350900",地级市,福建省,"350000",省,,,Ningde,"350900",Níng Dé,Ningde,Níng Dé,"350900",Prefecture City,Fujian,Fú Jiàn,"350000",Province,"2018",16914.82,"2024","1183200","331100,350100,330300,350700","63735",,,,,,,"279","87","2127"
"198",怒江傈僳族自治州,"533300",怒江傈僳族自治州,"533300",自治州,云南省,"530000",省,,,Nujianglisuzu,"533300",Nù Jiāng Lì Sù Zú,Nujianglisuzu,Nù Jiāng Lì Sù Zú,"533300",Autonomous Prefecture,Yunnan,Yún Nán,"530000",Province,"2018",10880.715,"-1","-1","540400,530700,533400,530500,532900","3987",,,,,,,"-1","-1","-1"
"199",攀枝花市,"510400",攀枝花市,"510400",地级市,四川省,"510000",省,,,Panzhihua,"510400",Pān Zhī Huā,Panzhihua,Pān Zhī Huā,"510400",Prefecture City,Sichuan,Sì Chuān,"510000",Province,"2018",8968.579,"-1","507280","530700,513400,532300","2186",,,,,,,"352","80","3479"
"200",盘锦市,"211100",盘锦市,"211100",地级市,辽宁省,"210000",省,,,Panjin,"211100",Pán Jǐn,Panjin,Pán Jǐn,"211100",Prefecture City,Liaoning,Liáo Níng,"210000",Province,"2018",6048.153,"5149","20110","210300,210700,210800","18503",,,,,,,"295","95","-1"
"201",平顶山市,"410400",平顶山市,"410400",地级市,河南省,"410000",省,,,Pingdingshan,"410400",Píng Dǐng Shān,Pingdingshan,Píng Dǐng Shān,"410400",Prefecture City,Henan,Hé Nán,"410000",Province,"2018",8623.037,"10128","163291","411700,410300,411300,411100,411000,410100","62349",,,,,,,"891","188","3286"
"202",平凉市,"620800",平凉市,"620800",地级市,甘肃省,"620000",省,,,Pingliang,"620800",Píng Liáng,Pingliang,Píng Liáng,"620800",Prefecture City,Gansu,Gān Sù,"620000",Province,"2018",7089.278,"999","-1","640400,621000,610400,610300,620400,621100,620500","19516",,,,,,,"55","30","2547"
"203",萍乡市,"360300",萍乡市,"360300",地级市,江西省,"360000",省,,,Pingxiang,"360300",Píng Xiāng,Pingxiang,Píng Xiāng,"360300",Prefecture City,Jiangxi,Jiāng Xī,"360000",Province,"2018",13642.317,"3384","242900","360900,430100,360800,430200","89125",,,,,,,"243","237","18078"
"204",莆田市,"350300",莆田市,"350300",地级市,福建省,"350000",省,,,Putian,"350300",Pú Tián,Putian,Pú Tián,"350300",Prefecture City,Fujian,Fú Jiàn,"350000",Province,"2018",13089.491,"6664","320500","350100,350500","46308",,,,,,,"454","56","2486"
"205",濮阳市,"410900",濮阳市,"410900",地级市,河南省,"410000",省,,,Puyang,"410900",Pú Yáng,Puyang,Pú Yáng,"410900",Prefecture City,Henan,Hé Nán,"410000",Province,"2018",7147.672,"6846","56869","371500,371700,370800,370900,410500,130400,410700","44325",,,,,,,"1180","278","6028"
"206",普洱市,"530800",普洱市,"530800",地级市,云南省,"530000",省,,,Puer,"530800",Pǔ ěr,Puer,Pǔ ěr,"530800",Prefecture City,Yunnan,Yún Nán,"530000",Province,"2018",14302.831,"1757","3449900","532500,530400,530900,532300,532900,532800","4177",,,,,,,"728","194","5310"
"207",七台河市,"230900",七台河市,"230900",地级市,黑龙江省,"230000",省,,,Qitaihe,"230900",Qī Tái Hé,Qitaihe,Qī Tái Hé,"230900",Prefecture City,Heilongjiang,Hēi Lóng Jiāng,"230000",Province,"2018",6531.317,"2298","88579","230300,230500,230800,230100,231000","37719",,,,,,,"173","-1","-1"
"208",齐齐哈尔市,"230200",齐齐哈尔市,"230200",地级市,黑龙江省,"230000",省,,,Qiqihaer,"230200",Qí Qí Hā ěr,Qiqihaer,Qí Qí Hā ěr,"230200",Prefecture City,Heilongjiang,Hēi Lóng Jiāng,"230000",Province,"2018",6290.52,"-1","632300","231100,150700,231200,220800,230600,152200","26762",,,,,,,"216","43","1339"
"209",潜江市,"429005",不统计,"0",不统计,湖北省,"420000",省,,,Qianjiang,"429005",Qián Jiāng,Qianjiang,Qián Jiāng,"0",NULL,Hubei,Hú Běi,"420000",Province,"2018",11349.923,"-1","-1","429006,429004,421000,420800","11655",,,,,,,"-1","-1","-1"
"210",黔东南苗族侗族自治州,"522600",黔东南苗族侗族自治州,"522600",自治州,贵州省,"520000",省,,,Qiandongnanmiaozudongzu,"522600",Qián Dōng Nán Miáo Zú Dòng Zú,Qiandongnanmiaozudongzu,Qián Dōng Nán Miáo Zú Dòng Zú,"522600",Autonomous Prefecture,Guizhou,Guì Zhōu,"520000",Province,"2018",12500.963,"-1","-1","431200,450200,451200,522700,520600,520300","28664",,,,,,,"-1","-1","-1"
"211",黔南布依族苗族自治州,"522700",黔南布依族苗族自治州,"522700",自治州,贵州省,"520000",省,,,Qiannanbuyizumiaozu,"522700",Qián Nán Bù Yī Zú Miáo Zú,Qiannanbuyizumiaozu,Qián Nán Bù Yī Zú Miáo Zú,"522700",Autonomous Prefecture,Guizhou,Guì Zhōu,"520000",Province,"2018",12358.63,"-1","-1","451200,522600,520300,451000,522300,520400,520100","39791",,,,,,,"-1","-1","-1"
"212",黔西南布依族苗族自治州,"522300",黔西南布依族苗族自治州,"522300",自治州,贵州省,"520000",省,,,Qianxinanbuyizumiaozu,"522300",Qián Xī Nán Bù Yī Zú Miáo Zú,Qianxinanbuyizumiaozu,Qián Xī Nán Bù Yī Zú Miáo Zú,"522300",Autonomous Prefecture,Guizhou,Guì Zhōu,"520000",Province,"2018",11633.34,"-1","-1","522700,451000,530300,520200,520400","14669",,,,,,,"-1","-1","-1"
"213",钦州市,"450700",钦州市,"450700",地级市,广西壮族自治区,"450000",自治区,,,Qinzhou,"450700",Qīn Zhōu,Qinzhou,Qīn Zhōu,"450700",Prefecture City,Guangxi,Guǎng Xī,"450000",Autonomous Region,"2018",14854.198,"5731","838000","450800,450500,450900,450600,450100","70702",,,,,,,"381","159","13751"
"214",秦皇岛市,"130300",秦皇岛市,"130300",地级市,河北省,"130000",省,,,Qinhuangdao,"130300",Qín Huáng Dǎo,Qinhuangdao,Qín Huáng Dǎo,"130300",Prefecture City,Hebei,Hé Běi,"130000",Province,"2018",6479.599,"8752","145600","130800,211400,211300,130200","22975",,,,,,,"758","334","6111"
"215",青岛市,"370200",青岛市,"370200",地级市,山东省,"370000",省,,,Qingdao,"370200",Qīng Dǎo,Qingdao,Qīng Dǎo,"370200",Prefecture City,Shandong,Shān Dōng,"370000",Province,"2018",7887.853,"43298","-1","370600,371100,370700","36137",,,,,,,"170","48","3553"
"216",清远市,"441800",清远市,"441800",地级市,广东省,"440000",省,,,Qingyuan,"441800",Qīng Yuǎn,Qingyuan,Qīng Yuǎn,"441800",Prefecture City,Guangdong,Guǎng Dōng,"440000",Province,"2018",15665.31,"12121","2373900","451100,431100,440200,431000,441200,440600,440100","362068",,,,,,,"455","61","3578"
"217",庆阳市,"621000",庆阳市,"621000",地级市,甘肃省,"620000",省,,,Qingyang,"621000",Qìng Yáng,Qingyang,Qìng Yáng,"621000",Prefecture City,Gansu,Gān Sù,"620000",Province,"2018",6626.086,"747","-1","640400,620800,610800,610400,610600,640500,640300","14369",,,,,,,"77","12","-1"
"218",琼海市,"469002",不统计,"0",不统计,海南省,"460000",省,,,Qionghai,"469002",Qióng Hǎi,Qionghai,Qióng Hǎi,"0",NULL,Hainan,Hǎi Nán,"460000",Province,"2018",19229.929,"-1","-1","469021,469022,469005,469030,469006","-5",,,,,,,"-1","-1","-1"
"219",琼中黎族苗族自治县,"469030",不统计,"0",不统计,海南省,"460000",省,,,Qiongzhonglizuandmiaozu,"469030",Qióng Zhōng Lí Zú  and Miáo Zú,NULL,NULL,"0",NULL,Hainan,Hǎi Nán,"460000",Province,"2018",19225.975,"-1","-1","460400,469023,469022,469028,469006,469002,469025,469001,469029","-9",,,,,,,"-1","-1","-1"
"220",曲靖市,"530300",曲靖市,"530300",地级市,云南省,"530000",省,,,Qujing,"530300",Qū Jìng,Qujing,Qū Jìng,"530300",Prefecture City,Yunnan,Yún Nán,"530000",Province,"2018",10635.386,"5014","1203375","532500,532600,451000,530100,522300,520200,520500,530600","44103",,,,,,,"536","174","6792"
"221",衢州市,"330800",衢州市,"330800",地级市,浙江省,"330000",省,,,Quzhou,"330800",Qú Zhōu,Quzhou,Qú Zhōu,"330800",Prefecture City,Zhejiang,Zhè Jiāng,"330000",Province,"2018",14699.35,"5158","806382","341000,330100,330700,361100,331100,350700","103233",,,,,,,"-1","-1","-1"
"222",泉州市,"350500",泉州市,"350500",地级市,福建省,"350000",省,,,Quanzhou,"350500",Quán Zhōu,Quanzhou,Quán Zhōu,"350500",Prefecture City,Fujian,Fú Jiàn,"350000",Province,"2018",12970.652,"14872","785100","350300,350100,350200,350800,350400,350600","94487",,,,,,,"657","191","1626"
"223",日喀则市,"540200",日喀则市,"540200",地级市,西藏自治区,"540000",自治区,日喀则地区,2013年撤销日喀则地区，设立日喀则市,Rikaze,"540200",Rì Kā Zé,Rikaze,Rì Kā Zé,"540200",Prefecture City,Xizang,Xī Zàng,"540000",Autonomous Region,"2018",5603.916,"-1","-1","542500,540100,540500,540600","7400",,,,,,,"462","127","1579"
"224",日照市,"371100",日照市,"371100",地级市,山东省,"370000",省,,,Rizhao,"371100",Rì Zhào,Rizhao,Rì Zhào,"371100",Prefecture City,Shandong,Shān Dōng,"370000",Province,"2018",8783.47,"6759","197400","371300,320700,370700,370200","80879",,,,,,,"789","-1","3292"
"225",三门峡市,"411200",三门峡市,"411200",地级市,河南省,"410000",省,,,Sanmenxia,"411200",Sān Mén Xiá,Sanmenxia,Sān Mén Xiá,"411200",Prefecture City,Henan,Hé Nán,"410000",Province,"2018",6577.809,"2075","110837","410300,411300,610500,140800,611000","24014",,,,,,,"397","110","3815"
"226",三明市,"350400",三明市,"350400",地级市,福建省,"350000",省,,,Sanming,"350400",Sān Míng,Sanming,Sān Míng,"350400",Prefecture City,Fujian,Fú Jiàn,"350000",Province,"2018",14897.858,"3312","1445000","350100,350500,350800,350700,361000,360700","73821",,,,,,,"1071","229","3523"
"227",三亚市,"460200",三亚市,"460200",地级市,海南省,"460000",省,,,Sanya,"460200",Sān Yà,Sanya,Sān Yà,"460200",Prefecture City,Hainan,Hǎi Nán,"460000",Province,"2018",15693.525,"11267","162200","469028,469027,469029","-3",,,,,,,"705","211","4488"
"228",厦门市,"350200",厦门市,"350200",地级市,福建省,"350000",省,,,Xiamen,"350200",Xià Mén,Xiamen,Xià Mén,"350200",Prefecture City,Fujian,Fú Jiàn,"350000",Province,"2018",13625.567,"42248","94220","350500,350600","20725",,,,,,,"149","46","2214"
"229",山南市,"540500",山南市,"540500",地级市,西藏自治区,"540000",自治区,山南地区,2016年撤销山南地区，设立山南市,Shannan,"540500",Shān Nán,Shannan,Shān Nán,"540500",Prefecture City,Xizang,Xī Zàng,"540000",Autonomous Region,"2018",6193.619,"-1","-1","540100,540400,540200","7401",,,,,,,"368","136","3041"
"230",汕头市,"440500",汕头市,"440500",地级市,广东省,"440000",省,,,Shantou,"440500",Shàn Tóu,Shantou,Shàn Tóu,"440500",Prefecture City,Guangdong,Guǎng Dōng,"440000",Province,"2018",14550.952,"23697","-1","445200,445100","6929",,,,,,,"403","130","9414"
"231",汕尾市,"441500",汕尾市,"441500",地级市,广东省,"440000",省,,,Shanwei,"441500",Shàn Wěi,Shanwei,Shàn Wěi,"441500",Prefecture City,Guangdong,Guǎng Dōng,"440000",Province,"2018",16918.306,"3527","608000","441600,441400,445200,441300","43535",,,,,,,"535","79","3879"
"232",商洛市,"611000",商洛市,"611000",地级市,陕西省,"610000",省,,,Shangluo,"611000",Shāng Luò,Shangluo,Shāng Luò,"611000",Prefecture City,Shaanxi,Shǎn Xī,"610000",Province,"2018",7179.763,"1030","292600","411200,411300,610500,610100,610900,420300","109366",,,,,,,"664","130","3427"
"233",商丘市,"411400",商丘市,"411400",地级市,河南省,"410000",省,,,Shangqiu,"411400",Shāng Qiū,Shangqiu,Shāng Qiū,"411400",Prefecture City,Henan,Hé Nán,"410000",Province,"2018",8921.842,"7100","178733","340600,341600,341300,371700,410200,411600","23050",,,,,,,"-1","-1","-1"
"234",上海市,"310000",不统计,"0",不统计,上海市,"310000",直辖市,,,Shanghai,"310000",Shàng Hǎi,NULL,NULL,"0",NULL,Shanghai,Shàng Hǎi,"310000",Municipality,"2018",13558.568,"243514","387000","320600,320500,330400","88437",,,,,,,"114","73","1478"
"235",上饶市,"361100",上饶市,"361100",地级市,江西省,"360000",省,,,Shangrao,"361100",Shàng Ráo,Shangrao,Shàng Ráo,"361100",Prefecture City,Jiangxi,Jiāng Xī,"360000",Province,"2018",15970.907,"6420","2115000","341000,341700,360400,360600,360100,330800,360200,350700,361000","70631",,,,,,,"-1","-1","-1"
"236",韶关市,"440200",韶关市,"440200",地级市,广东省,"440000",省,,,Shaoguan,"440200",Sháo Guān,Shaoguan,Sháo Guān,"440200",Prefecture City,Guangdong,Guǎng Dōng,"440000",Province,"2018",15082.482,"7861","1756000","441600,441800,360700,431000,440100,441300","265849",,,,,,,"251","59","2451"
"237",邵阳市,"430500",邵阳市,"430500",地级市,湖南省,"430000",省,,,Shaoyang,"430500",Shào Yáng,Shaoyang,Shào Yáng,"430500",Prefecture City,Hunan,Hú Nán,"430000",Province,"2018",12780.199,"6101","1158000","431300,431200,450300,431100,430400","41473",,,,,,,"273","135","3952"
"238",绍兴市,"330600",绍兴市,"330600",地级市,浙江省,"330000",省,,,Shaoxing,"330600",Shào Xīng,Shaoxing,Shào Xīng,"330600",Prefecture City,Zhejiang,Zhè Jiāng,"330000",Province,"2018",14040.414,"35004","598192","330100,330400,330200,331000,330700","162342",,,,,,,"503","164","5021"
"239",深圳市,"440300",深圳市,"440300",地级市,广东省,"440000",省,,,Shenzhen,"440300",Shēn Zhèn,Shenzhen,Shēn Zhèn,"440300",Prefecture City,Guangdong,Guǎng Dōng,"440000",Province,"2018",17020.816,"160429","226396",,,,,,,,,"-1","-1","-1"
"240",神农架林区,"429021",不统计,"0",不统计,湖北省,"420000",省,,,Shennongjialin,"429021",Shén Nóng Jià Lín,NULL,NULL,"0",NULL,Hubei,Hú Běi,"420000",Province,"2018",9030.906,"-1","-1",,,,,,,,,"-1","-1","-1"
"241",沈阳市,"210100",沈阳市,"210100",地级市,辽宁省,"210000",省,,,Shenyang,"210100",Shěn Yáng,Shenyang,Shěn Yáng,"210100",Prefecture City,Liaoning,Liáo Níng,"210000",Province,"2018",5183.731,"53522","132000",,,,,,,,,"256","37","1427"
"242",十堰市,"420300",十堰市,"420300",地级市,湖北省,"420000",省,,,Shiyan,"420300",Shí Yàn,Shiyan,Shí Yàn,"420300",Prefecture City,Hubei,Hú Běi,"420000",Province,"2018",8404.36,"10395","629652",,,,,,,,,"171","65","1957"
"243",石河子市,"659001",不统计,"0",不统计,新疆维吾尔自治区,"650000",自治区,,,Shihezi,"659001",Shí Hé Zi,Shihezi,Shí Hé Zi,"0",NULL,Xinjiang,Xīn Jiāng,"650000",Autonomous Region,"2018",2763.053,"-1","-1",,,,,,,,,"-1","-1","-1"
"244",石家庄市,"130100",石家庄市,"130100",地级市,河北省,"130000",省,,,Shijiazhuang,"130100",Shí Jiā Zhuāng,Shijiazhuang,Shí Jiā Zhuāng,"130100",Prefecture City,Hebei,Hé Běi,"130000",Province,"2018",6163.854,"19111","160795",,,,,,,,,"-1","-1","-1"
"245",石嘴山市,"640200",石嘴山市,"640200",地级市,宁夏回族自治区,"640000",自治区,,,Shizuishan,"640200",Shí Zuǐ Shān,Shizuishan,Shí Zuǐ Shān,"640200",Prefecture City,Ningxia,Níng Xià Huí Zú,"640000",Autonomous Region,"2018",3480.205,"4212","17290",,,,,,,,,"80","72","1024"
"246",双河市,"659007",不统计,"0",不统计,新疆维吾尔自治区,"650000",自治区,,,Shuanghe,"659007",Shuāng Hé,Shuanghe,Shuāng Hé,"0",NULL,Xinjiang,Xīn Jiāng,"650000",Autonomous Region,"2018",1515.348,"-1","-1",,,,,,,,,"-1","-1","-1"
"247",双鸭山市,"230500",双鸭山市,"230500",地级市,黑龙江省,"230000",省,,,Shuangyashan,"230500",Shuāng Yā Shān,Shuangyashan,Shuāng Yā Shān,"230500",Prefecture City,Heilongjiang,Hēi Lóng Jiāng,"230000",Province,"2018",6753.615,"2075","257700",,,,,,,,,"190","49","639"
"248",朔州市,"140600",朔州市,"140600",地级市,山西省,"140000",省,,,Shuozhou,"140600",Shuò Zhōu,Shuozhou,Shuò Zhōu,"140600",Prefecture City,Shanxi,Shān Xī,"140000",Province,"2018",5844.646,"1530","-1",,,,,,,,,"339","75","3663"
"249",四平市,"220300",四平市,"220300",地级市,吉林省,"220000",省,,,Siping,"220300",Sì Píng,Siping,Sì Píng,"220300",Prefecture City,Jilin,Jí Lín,"220000",Province,"2018",6330.738,"1891","162100",,,,,,,,,"336","61","1111"
"250",松原市,"220700",松原市,"220700",地级市,吉林省,"220000",省,,,Songyuan,"220700",Sōng Yuán,Songyuan,Sōng Yuán,"220700",Prefecture City,Jilin,Jí Lín,"220000",Province,"2018",5851.637,"3087","112800",,,,,,,,,"414","180","4979"
"251",苏州市,"320500",苏州市,"320500",地级市,江苏省,"320000",省,,,Suzhou,"320500",Sū Zhōu,Suzhou,Sū Zhōu,"320500",Prefecture City,Jiangsu,Jiāng Sū,"320000",Province,"2018",12880.537,"59731","385300",,,,,,,,,"524","83","-1"
"252",宿迁市,"321300",宿迁市,"321300",地级市,江苏省,"320000",省,,,Suqian,"321300",Sù Qiān,Suqian,Sù Qiān,"321300",Prefecture City,Jiangsu,Jiāng Sū,"320000",Province,"2018",10664.691,"6373","273200",,,,,,,,,"763","215","8929"
"253",宿州市,"341300",宿州市,"341300",地级市,安徽省,"340000",省,,,Suzhou,"341300",Sù Zhōu,Suzhou,Sù Zhōu,"341300",Prefecture City,Anhui,ān Huī,"340000",Province,"2018",10304.634,"2548","488055",,,,,,,,,"384","115","4793"
"254",绥化市,"231200",绥化市,"231200",地级市,黑龙江省,"230000",省,,,Suihua,"231200",Suí Huà,Suihua,Suí Huà,"231200",Prefecture City,Heilongjiang,Hēi Lóng Jiāng,"230000",Province,"2018",6906.479,"-1","-1",,,,,,,,,"273","137","3930"
"255",随州市,"421300",随州市,"421300",地级市,湖北省,"420000",省,,,Suizhou,"421300",Suí Zhōu,Suizhou,Suí Zhōu,"421300",Prefecture City,Hubei,Hú Běi,"420000",Province,"2018",9600.757,"3864","152235",,,,,,,,,"912","156","2832"
"256",遂宁市,"510900",遂宁市,"510900",地级市,四川省,"510000",省,,,Suining,"510900",Suì Níng,Suining,Suì Níng,"510900",Prefecture City,Sichuan,Sì Chuān,"510000",Province,"2018",9278.359,"4310","126820",,,,,,,,,"733","113","3843"
"257",塔城地区,"654200",塔城地区,"654200",地区,新疆维吾尔自治区,"650000",自治区,,,Tacheng,"654200",Tǎ Chéng,Tacheng,Tǎ Chéng,"654200",Prefecture,Xinjiang,Xīn Jiāng,"650000",Autonomous Region,"2018",2505.251,"-1","-1",,,,,,,,,"-1","-1","-1"
"258",台州市,"331000",台州市,"331000",地级市,浙江省,"330000",省,,,Taizhou,"331000",Tāi Zhōu,Taizhou,Tāi Zhōu,"331000",Prefecture City,Zhejiang,Zhè Jiāng,"330000",Province,"2018",14113.052,"15967","779732",,,,,,,,,"603","293","22504"
"259",太原市,"140100",太原市,"140100",地级市,山西省,"140000",省,,,Taiyuan,"140100",Tài Yuán,Taiyuan,Tài Yuán,"140100",Prefecture City,Shanxi,Shān Xī,"140000",Province,"2018",5134.279,"-1","-1",,,,,,,,,"456","98","1785"
"260",泰安市,"370900",泰安市,"370900",地级市,山东省,"370000",省,,,Taian,"370900",Tài ān,Taian,Tài ān,"370900",Prefecture City,Shandong,Shān Dōng,"370000",Province,"2018",7903.53,"6663","174799",,,,,,,,,"605","116","3120"
"261",泰州市,"321200",泰州市,"321200",地级市,江苏省,"320000",省,,,Taizhou,"321200",Tài Zhōu,Taizhou,Tài Zhōu,"321200",Prefecture City,Jiangsu,Jiāng Sū,"320000",Province,"2018",11858.468,"9210","204840",,,,,,,,,"704","360","23815"
"262",唐山市,"130200",唐山市,"130200",地级市,河北省,"130000",省,,,Tangshan,"130200",Táng Shān,Tangshan,Táng Shān,"130200",Prefecture City,Hebei,Hé Běi,"130000",Province,"2018",6720.107,"13020","215500",,,,,,,,,"982","419","10420"
"263",天津市,"120000",不统计,"0",不统计,天津市,"120000",直辖市,,,Tianjin,"120000",Tiān Jīn,NULL,NULL,"0",NULL,Tianjin,Tiān Jīn,"120000",Municipality,"2018",6529.534,"73468","175800",,,,,,,,,"1082","1066","29586"
"264",天门市,"429006",不统计,"0",不统计,湖北省,"420000",省,,,Tianmen,"429006",Tiān Mén,Tianmen,Tiān Mén,"0",NULL,Hubei,Hú Běi,"420000",Province,"2018",11170.162,"-1","-1",,,,,,,,,"-1","-1","-1"
"265",天水市,"620500",天水市,"620500",地级市,甘肃省,"620000",省,,,Tianshui,"620500",Tiān Shuǐ,Tianshui,Tiān Shuǐ,"620500",Prefecture City,Gansu,Gān Sù,"620000",Province,"2018",7293.12,"3050","172328",,,,,,,,,"254","24","900"
"266",铁岭市,"211200",铁岭市,"211200",地级市,辽宁省,"210000",省,,,Tieling,"211200",Tiě Lǐng,Tieling,Tiě Lǐng,"211200",Prefecture City,Liaoning,Liáo Níng,"210000",Province,"2018",6397.346,"2555","129600",,,,,,,,,"231","93","-1"
"267",通化市,"220500",通化市,"220500",地级市,吉林省,"220000",省,,,Tonghua,"220500",Tōng Huà,Tonghua,Tōng Huà,"220500",Prefecture City,Jilin,Jí Lín,"220000",Province,"2018",8097.439,"2031","524200",,,,,,,,,"-1","-1","-1"
"268",通辽市,"150500",通辽市,"150500",地级市,内蒙古自治区,"150000",自治区,,,Tongliao,"150500",Tōng Liáo,Tongliao,Tōng Liáo,"150500",Prefecture City,Neimenggu,Nèi Měng Gǔ,"150000",Autonomous Region,"2018",5302.389,"-1","354854",,,,,,,,,"224","156","4091"
"269",铜川市,"610200",铜川市,"610200",地级市,陕西省,"610000",省,,,Tongchuan,"610200",Tóng Chuān,Tongchuan,Tóng Chuān,"610200",Prefecture City,Shaanxi,Shǎn Xī,"610000",Province,"2018",5590.438,"1647","24600",,,,,,,,,"418","255","18423"
"270",铜陵市,"340700",铜陵市,"340700",地级市,安徽省,"340000",省,,,Tongling,"340700",Tóng Líng,Tongling,Tóng Líng,"340700",Prefecture City,Anhui,ān Huī,"340000",Province,"2018",11822.449,"6559","144100",,,,,,,,,"605","162","8563"
"271",铜仁市,"520600",铜仁市,"520600",地级市,贵州省,"520000",省,,,Tongren,"520600",Tóng Rén,Tongren,Tóng Rén,"520600",Prefecture City,Guizhou,Guì Zhōu,"520000",Province,"2018",11582.104,"2968","1145300",,,,,,,,,"510","152","5721"
"272",图木舒克市,"659003",不统计,"0",不统计,新疆维吾尔自治区,"650000",自治区,,,Tumushuke,"659003",Tú Mù Shū Kè,Tumushuke,Tú Mù Shū Kè,"0",NULL,Xinjiang,Xīn Jiāng,"650000",Autonomous Region,"2018",2980.613,"-1","-1",,,,,,,,,"-1","-1","-1"
"273",吐鲁番市,"650400",吐鲁番市,"650400",地级市,新疆维吾尔自治区,"650000",自治区,吐鲁番地区,2015年撤销吐鲁番地区，设立吐鲁番市,Tulufan,"650400",Tǔ Lǔ Fān,Tulufan,Tǔ Lǔ Fān,"650400",Prefecture City,Xinjiang,Xīn Jiāng,"650000",Autonomous Region,"2018",2338.976,"955","-1",,,,,,,,,"384","98","-1"
"274",屯昌县,"469022",不统计,"0",不统计,海南省,"460000",省,,,Tunchang,"469022",Tún Chāng,NULL,NULL,"0",NULL,Hainan,Hǎi Nán,"460000",Province,"2018",19647.857,"-1","-1",,,,,,,,,"-1","-1","-1"
"275",万宁市,"469006",不统计,"0",不统计,海南省,"460000",省,,,Wanning,"469006",Wàn Níng,Wanning,Wàn Níng,"0",NULL,Hainan,Hǎi Nán,"460000",Province,"2018",17862.579,"-1","-1",,,,,,,,,"-1","-1","-1"
"276",威海市,"371000",威海市,"371000",地级市,山东省,"370000",省,,,Weihai,"371000",Wēi Hǎi,Weihai,Wēi Hǎi,"371000",Prefecture City,Shandong,Shān Dōng,"370000",Province,"2018",7527.497,"7543","103000",,,,,,,,,"432","170","3350"
"277",潍坊市,"370700",潍坊市,"370700",地级市,山东省,"370000",省,,,Weifang,"370700",Wéi Fāng,Weifang,Wéi Fāng,"370700",Prefecture City,Shandong,Shān Dōng,"370000",Province,"2018",8282.644,"12715","498455",,,,,,,,,"981","227","7530"
"278",渭南市,"610500",渭南市,"610500",地级市,陕西省,"610000",省,,,Weinan,"610500",Wèi Nán,Weinan,Wèi Nán,"610500",Prefecture City,Shaanxi,Shǎn Xī,"610000",Province,"2018",5741.427,"2178","81700",,,,,,,,,"304","130","1829"
"279",温州市,"330300",温州市,"330300",地级市,浙江省,"330000",省,,,Wenzhou,"330300",Wēn Zhōu,Wenzhou,Wēn Zhōu,"330300",Prefecture City,Zhejiang,Zhè Jiāng,"330000",Province,"2018",15212.356,"24865","1284668",,,,,,,,,"825","244","5839"
"280",文昌市,"469005",不统计,"0",不统计,海南省,"460000",省,,,Wenchang,"469005",Wén Chāng,Wenchang,Wén Chāng,"0",NULL,Hainan,Hǎi Nán,"460000",Province,"2018",17209.941,"-1","-1",,,,,,,,,"-1","-1","-1"
"281",文山壮族苗族自治州,"532600",文山壮族苗族自治州,"532600",自治州,云南省,"530000",省,,,Wenshanzhuangzumiaozu,"532600",Wén Shān Zhuàng Zú Miáo Zú,Wenshanzhuangzumiaozu,Wén Shān Zhuàng Zú Miáo Zú,"532600",Autonomous Prefecture,Yunnan,Yún Nán,"530000",Province,"2018",12018.81,"-1","-1",,,,,,,,,"-1","-1","-1"
"282",乌海市,"150300",乌海市,"150300",地级市,内蒙古自治区,"150000",自治区,,,Wuhai,"150300",Wū Hǎi,Wuhai,Wū Hǎi,"150300",Prefecture City,Neimenggu,Nèi Měng Gǔ,"150000",Autonomous Region,"2018",3940.609,"6123","-1",,,,,,,,,"-1","-1","-1"
"283",乌兰察布市,"150900",乌兰察布市,"150900",地级市,内蒙古自治区,"150000",自治区,,,Wulanchabu,"150900",Wū Lán Chá Bù,Wulanchabu,Wū Lán Chá Bù,"150900",Prefecture City,Neimenggu,Nèi Měng Gǔ,"150000",Autonomous Region,"2018",6019.465,"1646","92488",,,,,,,,,"162","30","1338"
"284",乌鲁木齐市,"650100",乌鲁木齐市,"650100",地级市,新疆维吾尔自治区,"650000",自治区,,,Wulumuqi,"650100",Wū Lǔ Mù Qí,Wulumuqi,Wū Lǔ Mù Qí,"650100",Prefecture City,Xinjiang,Xīn Jiāng,"650000",Autonomous Region,"2018",2870.173,"27462","108816",,,,,,,,,"234","67","1225"
"285",无锡市,"320200",无锡市,"320200",地级市,江苏省,"320000",省,,,Wuxi,"320200",Wú Xī,Wuxi,Wú Xī,"320200",Prefecture City,Jiangsu,Jiāng Sū,"320000",Province,"2018",12699.085,"34495","277948",,,,,,,,,"78","48","930"
"286",芜湖市,"340200",芜湖市,"340200",地级市,安徽省,"340000",省,,,Wuhu,"340200",Wú Hú,Wuhu,Wú Hú,"340200",Prefecture City,Anhui,ān Huī,"340000",Province,"2018",12520.908,"15190","343000",,,,,,,,,"267","112","5048"
"287",吴忠市,"640300",吴忠市,"640300",地级市,宁夏回族自治区,"640000",自治区,,,Wuzhong,"640300",Wú Zhōng,Wuzhong,Wú Zhōng,"640300",Prefecture City,Ningxia,Níng Xià Huí Zú,"640000",Autonomous Region,"2018",4008.413,"2408","15740",,,,,,,,,"378","146","3235"
"288",梧州市,"450400",梧州市,"450400",地级市,广西壮族自治区,"450000",自治区,,,Wuzhou,"450400",Wú Zhōu,Wuzhou,Wú Zhōu,"450400",Prefecture City,Guangxi,Guǎng Xī,"450000",Autonomous Region,"2018",14450.315,"6376","1244000",,,,,,,,,"848","167","7246"
"289",五家渠市,"659004",不统计,"0",不统计,新疆维吾尔自治区,"650000",自治区,,,Wujiaqu,"659004",Wǔ Jiā Qú,Wujiaqu,Wǔ Jiā Qú,"0",NULL,Xinjiang,Xīn Jiāng,"650000",Autonomous Region,"2018",2789.014,"-1","-1",,,,,,,,,"-1","-1","-1"
"290",五指山市,"469001",不统计,"0",不统计,海南省,"460000",省,,,Wuzhishan,"469001",Wǔ Zhǐ Shān,Wuzhishan,Wǔ Zhǐ Shān,"0",NULL,Hainan,Hǎi Nán,"460000",Province,"2018",17637.445,"-1","-1",,,,,,,,,"-1","-1","-1"
"291",武汉市,"420100",武汉市,"420100",地级市,湖北省,"420000",省,,,Wuhan,"420100",Wǔ Hàn,Wuhan,Wǔ Hàn,"420100",Prefecture City,Hubei,Hú Běi,"420000",Province,"2018",11930.341,"115958","351600",,,,,,,,,"570","111","4030"
"292",武威市,"620600",武威市,"620600",地级市,甘肃省,"620000",省,,,Wuwei,"620600",Wǔ Wēi,Wuwei,Wǔ Wēi,"620600",Prefecture City,Gansu,Gān Sù,"620000",Province,"2018",4915.993,"2598","149340",,,,,,,,,"241","33","-1"
"293",西安市,"610100",西安市,"610100",地级市,陕西省,"610000",省,,,Xian,"610100",Xī ān,Xian,Xī ān,"610100",Prefecture City,Shaanxi,Shǎn Xī,"610000",Province,"2018",5660.43,"87516","219000",,,,,,,,,"-1","-1","-1"
"294",西宁市,"630100",西宁市,"630100",地级市,青海省,"630000",省,,,Xining,"630100",Xī Níng,Xining,Xī Níng,"630100",Prefecture City,Qinghai,Qīng Hǎi,"630000",Province,"2018",5578.806,"8950","-1",,,,,,,,,"54","-1","-1"
"295",西双版纳傣族自治州,"532800",西双版纳傣族自治州,"532800",自治州,云南省,"530000",省,,,Xishuangbannadaizu,"532800",Xī Shuāng Bǎn Nà Dǎi Zú,Xishuangbannadaizu,Xī Shuāng Bǎn Nà Dǎi Zú,"532800",Autonomous Prefecture,Yunnan,Yún Nán,"530000",Province,"2018",15134.177,"-1","-1",,,,,,,,,"-1","-1","-1"
"296",锡林郭勒盟,"152500",锡林郭勒盟,"152500",盟,内蒙古自治区,"150000",自治区,,,Xilinguole,"152500",Xī Lín Guō Lè,Xilinguole,Xī Lín Guō Lè,"152500",League,Neimenggu,Nèi Měng Gǔ,"150000",Autonomous Region,"2018",5577.387,"-1","-1",,,,,,,,,"-1","-1","-1"
"297",仙桃市,"429004",不统计,"0",不统计,湖北省,"420000",省,,,Xiantao,"429004",Xiān Táo,Xiantao,Xiān Táo,"0",NULL,Hubei,Hú Běi,"420000",Province,"2018",12210.783,"-1","-1",,,,,,,,,"-1","-1","-1"
"298",咸宁市,"421200",咸宁市,"421200",地级市,湖北省,"420000",省,,,Xianning,"421200",Xián Níng,Xianning,Xián Níng,"421200",Prefecture City,Hubei,Hú Běi,"420000",Province,"2018",14162.701,"3507","901200",,,,,,,,,"999","187","4500"
"299",咸阳市,"610400",咸阳市,"610400",地级市,陕西省,"610000",省,,,Xianyang,"610400",Xián Yáng,Xianyang,Xián Yáng,"610400",Prefecture City,Shaanxi,Shǎn Xī,"610000",Province,"2018",5905.634,"6469","59100",,,,,,,,,"-1","-1","-1"
"301",湘潭市,"430300",湘潭市,"430300",地级市,湖南省,"430000",省,,,Xiangtan,"430300",Xiāng Tán,Xiangtan,Xiāng Tán,"430300",Prefecture City,Hunan,Hú Nán,"430000",Province,"2018",12849.849,"7772","201500",,,,,,,,,"-1","-1","-1"
"302",湘西土家族苗族自治州,"433100",湘西土家族苗族自治州,"433100",自治州,湖南省,"430000",省,,,Xiangxitujiazumiaozu,"433100",Xiāng Xī Tǔ Jiā Zú Miáo Zú,Xiangxitujiazumiaozu,Xiāng Xī Tǔ Jiā Zú Miáo Zú,"433100",Autonomous Prefecture,Hunan,Hú Nán,"430000",Province,"2018",13598.595,"-1","-1",,,,,,,,,"-1","-1","-1"
"303",襄阳市,"420600",襄阳市,"420600",地级市,湖北省,"420000",省,,,Xiangyang,"420600",Xiāng Yáng,Xiangyang,Xiāng Yáng,"420600",Prefecture City,Hubei,Hú Běi,"420000",Province,"2018",9216.482,"10326","454513",,,,,,,,,"373","75","3076"
"304",孝感市,"420900",孝感市,"420900",地级市,湖北省,"420000",省,,,Xiaogan,"420900",Xiào Gǎn,Xiaogan,Xiào Gǎn,"420900",Prefecture City,Hubei,Hú Běi,"420000",Province,"2018",10430.966,"4087","239746",,,,,,,,,"267","135","1346"
"305",忻州市,"140900",忻州市,"140900",地级市,山西省,"140000",省,,,Xinzhou,"140900",Xīn Zhōu,Xinzhou,Xīn Zhōu,"140900",Prefecture City,Shanxi,Shān Xī,"140000",Province,"2018",5894.141,"1282","220100",,,,,,,,,"334","63","1991"
"306",新乡市,"410700",新乡市,"410700",地级市,河南省,"410000",省,,,Xinxiang,"410700",Xīn Xiāng,Xinxiang,Xīn Xiāng,"410700",Prefecture City,Henan,Hé Nán,"410000",Province,"2018",5592.079,"7058","117943",,,,,,,,,"307","138","2885"
"307",新余市,"360500",新余市,"360500",地级市,江西省,"360000",省,,,Xinyu,"360500",Xīn Yú,Xinyu,Xīn Yú,"360500",Prefecture City,Jiangxi,Jiāng Xī,"360000",Province,"2018",14102.808,"5500","191300",,,,,,,,,"289","28","2122"
"308",信阳市,"411500",信阳市,"411500",地级市,河南省,"410000",省,,,Xinyang,"411500",Xìn Yáng,Xinyang,Xìn Yáng,"411500",Prefecture City,Henan,Hé Nán,"410000",Province,"2018",10868.033,"3869","1142100",,,,,,,,,"864","376","21982"
"309",邢台市,"130500",邢台市,"130500",地级市,河北省,"130000",省,,,Xingtai,"130500",Xíng Tái,Xingtai,Xíng Tái,"130500",Prefecture City,Hebei,Hé Běi,"130000",Province,"2018",5902.199,"5449","124600",,,,,,,,,"1058","372","6576"
"310",兴安盟,"152200",兴安盟,"152200",盟,内蒙古自治区,"150000",自治区,,,Xingan,"152200",Xīng ān,Xingan,Xīng ān,"152200",League,Neimenggu,Nèi Měng Gǔ,"150000",Autonomous Region,"2018",5844.161,"-1","-1",,,,,,,,,"-1","-1","-1"
"311",许昌市,"411000",许昌市,"411000",地级市,河南省,"410000",省,,,Xuchang,"411000",Xǔ Chāng,Xuchang,Xǔ Chāng,"411000",Prefecture City,Henan,Hé Nán,"410000",Province,"2018",8056.411,"3772","55371",,,,,,,,,"598","125","2602"
"312",宣城市,"341800",宣城市,"341800",地级市,安徽省,"340000",省,,,Xuancheng,"341800",Xuān Chéng,Xuancheng,Xuān Chéng,"341800",Prefecture City,Anhui,ān Huī,"340000",Province,"2018",14297.193,"3398","977700",,,,,,,,,"171","74","3855"
"313",雅安市,"511800",雅安市,"511800",地级市,四川省,"510000",省,,,Yaan,"511800",Yǎ ān,Yaan,Yǎ ān,"511800",Prefecture City,Sichuan,Sì Chuān,"510000",Province,"2018",11670.513,"1981","1983600",,,,,,,,,"61","60","4332"
"314",烟台市,"370600",烟台市,"370600",地级市,山东省,"370000",省,,,Yantai,"370600",Yān Tái,Yantai,Yān Tái,"370600",Prefecture City,Shandong,Shān Dōng,"370000",Province,"2018",6114.063,"16663","219657",,,,,,,,,"129","24","1115"
"315",延安市,"610600",延安市,"610600",地级市,陕西省,"610000",省,,,Yanan,"610600",Yán ān,Yanan,Yán ān,"610600",Prefecture City,Shaanxi,Shǎn Xī,"610000",Province,"2018",6169.457,"2360","115000",,,,,,,,,"930","166","-1"
"316",延边朝鲜族自治州,"222400",延边朝鲜族自治州,"222400",自治州,吉林省,"220000",省,,,Yanbianchaoxianzu,"222400",Yán Biān Cháo Xiǎn Zú,Yanbianchaoxianzu,Yán Biān Cháo Xiǎn Zú,"222400",Autonomous Prefecture,Jilin,Jí Lín,"220000",Province,"2018",7503.255,"-1","-1",,,,,,,,,"-1","-1","-1"
"317",盐城市,"320900",盐城市,"320900",地级市,江苏省,"320000",省,,,Yancheng,"320900",Yán Chéng,Yancheng,Yán Chéng,"320900",Prefecture City,Jiangsu,Jiāng Sū,"320000",Province,"2018",10655.794,"9069","537150",,,,,,,,,"497","261","17027"
"318",扬州市,"321000",扬州市,"321000",地级市,江苏省,"320000",省,,,Yangzhou,"321000",Yáng Zhōu,Yangzhou,Yáng Zhōu,"321000",Prefecture City,Jiangsu,Jiāng Sū,"320000",Province,"2018",11561.329,"15528","215600",,,,,,,,,"1045","340","9932"
"319",阳江市,"441700",阳江市,"441700",地级市,广东省,"440000",省,,,Yangjiang,"441700",Yáng Jiāng,Yangjiang,Yáng Jiāng,"441700",Prefecture City,Guangdong,Guǎng Dōng,"440000",Province,"2018",20855.373,"7301","1418300",,,,,,,,,"524","40","3139"
"320",阳泉市,"140300",阳泉市,"140300",地级市,山西省,"140000",省,,,Yangquan,"140300",Yáng Quán,Yangquan,Yáng Quán,"140300",Prefecture City,Shanxi,Shān Xī,"140000",Province,"2018",5561.465,"3753","50600",,,,,,,,,"377","290","-1"
"321",伊春市,"230700",伊春市,"230700",地级市,黑龙江省,"230000",省,,,Yichun,"230700",Yī Chūn,Yichun,Yī Chūn,"230700",Prefecture City,Heilongjiang,Hēi Lóng Jiāng,"230000",Province,"2018",7483.754,"2579","1075600",,,,,,,,,"952","551","11851"
"322",伊犁哈萨克自治州,"654000",伊犁哈萨克自治州,"654000",自治州,新疆维吾尔自治区,"650000",自治区,,,Yilihasake,"654000",Yī Lí Hā Sà Kè,Yilihasake,Yī Lí Hā Sà Kè,"654000",Autonomous Prefecture,Xinjiang,Xīn Jiāng,"650000",Autonomous Region,"2018",3036.278,"-1","-1",,,,,,,,,"-1","-1","-1"
"323",宜宾市,"511500",宜宾市,"511500",地级市,四川省,"510000",省,,,Yibin,"511500",Yí Bīn,Yibin,Yí Bīn,"511500",Prefecture City,Sichuan,Sì Chuān,"510000",Province,"2018",11117.347,"6320","736622",,,,,,,,,"252","38","1199"
"324",宜昌市,"420500",宜昌市,"420500",地级市,湖北省,"420000",省,,,Yichang,"420500",Yí Chāng,Yichang,Yí Chāng,"420500",Prefecture City,Hubei,Hú Běi,"420000",Province,"2018",10182.852,"13578","1098323",,,,,,,,,"656","108","4299"
"325",宜春市,"360900",宜春市,"360900",地级市,江西省,"360000",省,,,Yichun,"360900",Yí Chūn,Yichun,Yí Chūn,"360900",Prefecture City,Jiangxi,Jiāng Xī,"360000",Province,"2018",14360.243,"4927","1410000",,,,,,,,,"319","105","2447"
"326",益阳市,"430900",益阳市,"430900",地级市,湖南省,"430000",省,,,Yiyang,"430900",Yì Yáng,Yiyang,Yì Yáng,"430900",Prefecture City,Hunan,Hú Nán,"430000",Province,"2018",12684.715,"5259","819310",,,,,,,,,"111","108","3759"
"327",银川市,"640100",银川市,"640100",地级市,宁夏回族自治区,"640000",自治区,,,Yinchuan,"640100",Yín Chuān,Yinchuan,Yín Chuān,"640100",Prefecture City,Ningxia,Níng Xià Huí Zú,"640000",Autonomous Region,"2018",3399.27,"11690","18280",,,,,,,,,"987","812","38436"
"328",鹰潭市,"360600",鹰潭市,"360600",地级市,江西省,"360000",省,,,Yingtan,"360600",Yīng Tán,Yingtan,Yīng Tán,"360600",Prefecture City,Jiangxi,Jiāng Xī,"360000",Province,"2018",16303.522,"2304","302900",,,,,,,,,"755","114","7576"
"329",营口市,"210800",营口市,"210800",地级市,辽宁省,"210000",省,,,Yingkou,"210800",Yíng Kǒu,Yingkou,Yíng Kǒu,"210800",Prefecture City,Liaoning,Liáo Níng,"210000",Province,"2018",6234.544,"7488","79400",,,,,,,,,"209","137","3030"
"330",永州市,"431100",永州市,"431100",地级市,湖南省,"430000",省,,,Yongzhou,"431100",Yǒng Zhōu,Yongzhou,Yǒng Zhōu,"431100",Prefecture City,Hunan,Hú Nán,"430000",Province,"2018",14584.689,"7780","1771000",,,,,,,,,"518","96","2863"
"331",榆林市,"610800",榆林市,"610800",地级市,陕西省,"610000",省,,,Yulin,"610800",Yú Lín,Yulin,Yú Lín,"610800",Prefecture City,Shaanxi,Shǎn Xī,"610000",Province,"2018",5744.154,"-1","243200",,,,,,,,,"-1","-1","-1"
"332",玉林市,"450900",玉林市,"450900",地级市,广西壮族自治区,"450000",自治区,,,Yulin,"450900",Yù Lín,Yulin,Yù Lín,"450900",Prefecture City,Guangxi,Guǎng Xī,"450000",Autonomous Region,"2018",14404.542,"6755","1015900",,,,,,,,,"356","52","1675"
"333",玉树藏族自治州,"632700",玉树藏族自治州,"632700",自治州,青海省,"630000",省,,,Yushuzangzu,"632700",Yù Shù Zàng Zú,Yushuzangzu,Yù Shù Zàng Zú,"632700",Autonomous Prefecture,Qinghai,Qīng Hǎi,"630000",Province,"2018",6439.565,"-1","-1",,,,,,,,,"-1","-1","-1"
"334",玉溪市,"530400",玉溪市,"530400",地级市,云南省,"530000",省,,,Yuxi,"530400",Yù Xī,Yuxi,Yù Xī,"530400",Prefecture City,Yunnan,Yún Nán,"530000",Province,"2018",9726.396,"3019","468557",,,,,,,,,"301","93","3037"
"335",岳阳市,"430600",岳阳市,"430600",地级市,湖南省,"430000",省,,,Yueyang,"430600",Yuè Yáng,Yueyang,Yuè Yáng,"430600",Prefecture City,Hunan,Hú Nán,"430000",Province,"2018",12281.966,"6294","765600",,,,,,,,,"347","119","6715"
"336",云浮市,"445300",云浮市,"445300",地级市,广东省,"440000",省,,,Yunfu,"445300",Yún Fú,Yunfu,Yún Fú,"445300",Prefecture City,Guangdong,Guǎng Dōng,"440000",Province,"2018",16070.298,"3507","719000",,,,,,,,,"127","123","12877"
"337",运城市,"140800",运城市,"140800",地级市,山西省,"140000",省,,,Yuncheng,"140800",Yùn Chéng,Yuncheng,Yùn Chéng,"140800",Prefecture City,Shanxi,Shān Xī,"140000",Province,"2018",5858.19,"4473","132286",,,,,,,,,"163","68","893"
"338",枣庄市,"370400",枣庄市,"370400",地级市,山东省,"370000",省,,,Zaozhuang,"370400",Zǎo Zhuāng,Zaozhuang,Zǎo Zhuāng,"370400",Prefecture City,Shandong,Shān Dōng,"370000",Province,"2018",9149.814,"4534","106900",,,,,,,,,"523","100","4745"
"339",湛江市,"440800",湛江市,"440800",地级市,广东省,"440000",省,,,Zhanjiang,"440800",Zhàn Jiāng,Zhanjiang,Zhàn Jiāng,"440800",Prefecture City,Guangdong,Guǎng Dōng,"440000",Province,"2018",15927.651,"11661","962900",,,,,,,,,"828","70","3384"
"340",张家界市,"430800",张家界市,"430800",地级市,湖南省,"430000",省,,,Zhangjiajie,"430800",Zhāng Jiā Jiè,Zhangjiajie,Zhāng Jiā Jiè,"430800",Prefecture City,Hunan,Hú Nán,"430000",Province,"2018",13054.701,"2417","913700",,,,,,,,,"592","227","5657"
"341",张家口市,"130700",张家口市,"130700",地级市,河北省,"130000",省,,,Zhangjiakou,"130700",Zhāng Jiā Kǒu,Zhangjiakou,Zhāng Jiā Kǒu,"130700",Prefecture City,Hebei,Hé Běi,"130000",Province,"2018",4999.684,"4926","149100",,,,,,,,,"1208","286","1820"
"342",张掖市,"620700",张掖市,"620700",地级市,甘肃省,"620000",省,,,Zhangye,"620700",Zhāng Yè,Zhangye,Zhāng Yè,"620700",Prefecture City,Gansu,Gān Sù,"620000",Province,"2018",4342.692,"2364","-1",,,,,,,,,"-1","-1","-1"
"343",漳州市,"350600",漳州市,"350600",地级市,福建省,"350000",省,,,Zhangzhou,"350600",Zhāng Zhōu,Zhangzhou,Zhāng Zhōu,"350600",Prefecture City,Fujian,Fú Jiàn,"350000",Province,"2018",13777.036,"5853","1042300",,,,,,,,,"589","220","3130"
"344",长春市,"220100",长春市,"220100",地级市,吉林省,"220000",省,,,Changchun,"220100",Cháng Chūn,Changchun,Cháng Chūn,"220100",Prefecture City,Jilin,Jí Lín,"220000",Province,"2018",6980.678,"25603","343000",,,,,,,,,"130","102","1942"
"345",长沙市,"430100",长沙市,"430100",地级市,湖南省,"430000",省,,,Changsha,"430100",Cháng Shā,Changsha,Cháng Shā,"430100",Prefecture City,Hunan,Hú Nán,"430000",Province,"2018",12577.328,"65054","494800",,,,,,,,,"1259","64","1673"
"346",长治市,"140400",长治市,"140400",地级市,山西省,"140000",省,,,Changzhi,"140400",Cháng Zhì,Changzhi,Cháng Zhì,"140400",Prefecture City,Shanxi,Shān Xī,"140000",Province,"2018",6493.948,"5150","139002",,,,,,,,,"318","177","-1"
"347",昭通市,"530600",昭通市,"530600",地级市,云南省,"530000",省,,,Zhaotong,"530600",Zhāo Tōng,Zhaotong,Zhāo Tōng,"530600",Prefecture City,Yunnan,Yún Nán,"530000",Province,"2018",10079.913,"2091","1328000",,,,,,,,,"412","140","2900"
"348",肇庆市,"441200",肇庆市,"441200",地级市,广东省,"440000",省,,,Zhaoqing,"441200",Zhào Qìng,Zhaoqing,Zhào Qìng,"441200",Prefecture City,Guangdong,Guǎng Dōng,"440000",Province,"2018",16405.906,"13564","1491900",,,,,,,,,"605","141","4477"
"349",镇江市,"321100",镇江市,"321100",地级市,江苏省,"320000",省,,,Zhenjiang,"321100",Zhèn Jiāng,Zhenjiang,Zhèn Jiāng,"321100",Prefecture City,Jiangsu,Jiāng Sū,"320000",Province,"2018",12144.754,"12798","123433",,,,,,,,,"382","301","15149"
"350",郑州市,"410100",郑州市,"410100",地级市,河南省,"410000",省,,,Zhengzhou,"410100",Zhèng Zhōu,Zhengzhou,Zhèng Zhōu,"410100",Prefecture City,Henan,Hé Nán,"410000",Province,"2018",6489.294,"34923","72788",,,,,,,,,"197","112","3603"
"351",中山市,"442000",中山市,"442000",地级市,广东省,"440000",省,,,Zhongshan,"442000",Zhōng Shān,Zhongshan,Zhōng Shān,"442000",Prefecture City,Guangdong,Guǎng Dōng,"440000",Province,"2018",20080.672,"-1","231100",,,,,,,,,"928","913","166500"
"352",中卫市,"640500",中卫市,"640500",地级市,宁夏回族自治区,"640000",自治区,,,Zhongwei,"640500",Zhōng Wèi,Zhongwei,Zhōng Wèi,"640500",Prefecture City,Ningxia,Níng Xià Huí Zú,"640000",Autonomous Region,"2018",4120.398,"869","-1",,,,,,,,,"546","91","1762"
"353",重庆市,"500000",不统计,"0",不统计,重庆市,"500000",直辖市,,,Chongqing,"500000",Chóng Qìng,NULL,NULL,"0",NULL,Chongqing,Chóng Qìng,"500000",Municipality,"2018",11044.438,"124504","5242438",,,,,,,,,"771","381","31460"
"354",舟山市,"330900",舟山市,"330900",地级市,浙江省,"330000",省,,,Zhoushan,"330900",Zhōu Shān,Zhoushan,Zhōu Shān,"330900",Prefecture City,Zhejiang,Zhè Jiāng,"330000",Province,"2018",9961.203,"4860","69328",,,,,,,,,"774","625","35778"
"355",周口市,"411600",周口市,"411600",地级市,河南省,"410000",省,,,Zhoukou,"411600",Zhōu Kǒu,Zhoukou,Zhōu Kǒu,"411600",Prefecture City,Henan,Hé Nán,"410000",Province,"2018",8662.293,"2431","256310",,,,,,,,,"560","171","3286"
"356",珠海市,"440400",珠海市,"440400",地级市,广东省,"440000",省,,,Zhuhai,"440400",Zhū Hǎi,Zhuhai,Zhū Hǎi,"440400",Prefecture City,Guangdong,Guǎng Dōng,"440000",Province,"2018",19916.961,"36614","201800",,,,,,,,,"729","348","47120"
"357",株洲市,"430200",株洲市,"430200",地级市,湖南省,"430000",省,,,Zhuzhou,"430200",Zhū Zhōu,Zhuzhou,Zhū Zhōu,"430200",Prefecture City,Hunan,Hú Nán,"430000",Province,"2018",13555.35,"15233","737100",,,,,,,,,"964","85","2250"
"358",驻马店市,"411700",驻马店市,"411700",地级市,河南省,"410000",省,,,Zhumadian,"411700",Zhù Mǎ Diàn,Zhumadian,Zhù Mǎ Diàn,"411700",Prefecture City,Henan,Hé Nán,"410000",Province,"2018",10097.598,"4751","567698",,,,,,,,,"740","206","6358"
"359",资阳市,"512000",资阳市,"512000",地级市,四川省,"510000",省,,2016年资阳市简阳市改由成都市代管,Ziyang,"512000",Zī Yáng,Ziyang,Zī Yáng,"512000",Prefecture City,Sichuan,Sì Chuān,"510000",Province,"2018",10347.209,"2097","175000",,,,,,,,,"97","-1","-1"
"360",淄博市,"370300",淄博市,"370300",地级市,山东省,"370000",省,,,Zibo,"370300",Zī Bó,Zibo,Zī Bó,"370300",Prefecture City,Shandong,Shān Dōng,"370000",Province,"2018",8039.756,"18546","172234",,,,,,,,,"200","89","1989"
"361",自贡市,"510300",自贡市,"510300",地级市,四川省,"510000",省,,,Zigong,"510300",Zì Gòng,Zigong,Zì Gòng,"510300",Prefecture City,Sichuan,Sì Chuān,"510000",Province,"2018",11199.505,"5544","154853",,,,,,,,,"538","131","7927"
"362",遵义市,"520300",遵义市,"520300",地级市,贵州省,"520000",省,,,Zunyi,"520300",Zūn Yì,Zunyi,Zūn Yì,"520300",Prefecture City,Guizhou,Guì Zhōu,"520000",Province,"2018",10783.002,"-1","-1",,,,,,,,,"1476","831","64080"
"363",三沙市,"460300",三沙市,"460300",地级市,海南省,"460000",省,,,Sansha,"460300",Sān shā,Sansha,Sān shā,"460030",Prefecture City,Hainan,Hǎi Nán,"460000",Province,"2018",12819.092,"-1","-1",,,,,,,,,"301","68","1829"
"364",济宁市,"370800",济宁市,"370800",地级市,山东省,"370000",省,,,Jining,"370800",Jǐ Níng,Jining,Jǐ Níng,"370800",Prefecture City,Shandong,Shān Dōng,"370000",Province,"2018",8086.084,"6436","257557",,,,,,,,,"539","59","1839"
"365",徐州市,"320300",徐州市,"320300",地级市,江苏省,"320000",省,,,Xuzhou,"320300",Xú Zhōu,Xuzhou,Xú Zhōu,"320300",Prefecture City,Jiangsu,Jiāng Sū,"320000",Province,"2018",9898.533,"18242","510400",,,,,,,,,"252","87","2060"
"366",铁门关市,"659006",不统计,"0",不统计,新疆维吾尔自治区,"650000",自治区,,,Tiemenguan,"659006",Tiě Mén Guān,NULL,NULL,"0",NULL,Xinjiang,Xīn Jiāng,"650000",Autonomous Region,"2018",982.783,"-1","-1",,,,,,,,,"-1","-1","-1"
"367",阿坝藏族羌族自治州,"513200",阿坝藏族羌族自治州,"513200",自治州,四川省,"510000",省,,,Abazangzuqiangzu,"513200",ā Bà Zàng Zú Qiāng Zú,Abazangzuqiangzu,ā Bà Zàng Zú Qiāng Zú,"513200",Autonomous Prefecture,Sichuan,Sì Chuān,"510000",Province,"2018",8911.632,"-1","-1",,,,,,,,,"-1","-1","-1"
